INSERT INTO 
  language (id, ISO2, ISO3, localized) 
VALUES 
  (1,'aa','aar',false),(2,'ab','abk',false),(3,NULL,'ace',false),(4,NULL,'ach',false),(5,NULL,'ada',false),(6,NULL,'ady',false),(7,NULL,'afa',false),(8,NULL,'afh',false),(9,'af','afr',false),(10,NULL,'ain',false),(11,'ak','aka',false),(12,NULL,'akk',false),(13,'sq','alb',false),(14,NULL,'ale',false),(15,NULL,'alg',false),(16,NULL,'alt',false),(17,'am','amh',false),(18,NULL,'ang',false),(19,NULL,'anp',false),(20,NULL,'apa',false),(21,'ar','ara',false),(22,NULL,'arc',false),(23,'an','arg',false),(24,'hy','arm',false),(25,NULL,'arn',false),(26,NULL,'arp',false),(27,NULL,'art',false),(28,NULL,'arw',false),(29,'as','asm',false),(30,NULL,'ast',false),(31,NULL,'ath',false),(32,NULL,'aus',false),(33,'av','ava',false),(34,'ae','ave',false),(35,NULL,'awa',false),(36,'ay','aym',false),(37,'az','aze',false),(38,NULL,'bad',false),(39,NULL,'bai',false),(40,'ba','bak',false),(41,NULL,'bal',false),(42,'bm','bam',false),(43,NULL,'ban',false),(44,'eu','baq',false),(45,NULL,'bas',false),(46,NULL,'bat',false),(47,NULL,'bej',false),(48,'be','bel',false),(49,NULL,'bem',false),(50,'bn','ben',false),(51,NULL,'ber',false),(52,NULL,'bho',false),(53,'bh','bih',false),(54,NULL,'bik',false),(55,NULL,'bin',false),(56,'bi','bis',false),(57,NULL,'bla',false),(58,NULL,'bnt',false),(59,'bs','bos',false),(60,NULL,'bra',false),(61,'br','bre',false),(62,NULL,'btk',false),(63,NULL,'bua',false),(64,NULL,'bug',false),(65,'bg','bul',false),(66,'my','bur',false),(67,NULL,'byn',false),(68,NULL,'cad',false),(69,NULL,'cai',false),(70,NULL,'car',false),(71,'ca','cat',false),(72,NULL,'cau',false),(73,NULL,'ceb',false),(74,NULL,'cel',false),(75,'ch','cha',false),(76,NULL,'chb',false),(77,'ce','che',false),(78,NULL,'chg',false),(79,'zh','chi',false),(80,NULL,'chk',false),(81,NULL,'chm',false),(82,NULL,'chn',false),(83,NULL,'cho',false),(84,NULL,'chp',false),(85,NULL,'chr',false),(86,'cu','chu',false),(87,'cv','chv',false),(88,NULL,'chy',false),(89,NULL,'cmc',false),(90,NULL,'cop',false),(91,'kw','cor',false),(92,'co','cos',false),(93,NULL,'cpe',false),(94,NULL,'cpf',false),(95,NULL,'cpp',false),(96,'cr','cre',false),(97,NULL,'crh',false),(98,NULL,'crp',false),(99,NULL,'csb',false),(100,NULL,'cus',false),(101,'cs','cze',false),(102,NULL,'dak',false),(103,'da','dan',false),(104,NULL,'dar',false),(105,NULL,'day',false),(106,NULL,'del',false),(107,NULL,'den',false),(108,NULL,'dgr',false),(109,NULL,'din',false),(110,'dv','div',false),(111,NULL,'doi',false),(112,NULL,'dra',false),(113,NULL,'dsb',false),(114,NULL,'dua',false),(115,NULL,'dum',false),(116,'nl','dut',false),(117,NULL,'dyu',false),(118,'dz','dzo',false),(119,NULL,'efi',false),(120,NULL,'egy',false),(121,NULL,'eka',false),(122,NULL,'elx',false),(123,'en','eng',true),(124,NULL,'enm',false),(125,'eo','epo',false),(126,'et','est',false),(127,'ee','ewe',false),(128,NULL,'ewo',false),(129,NULL,'fan',false),(130,'fo','fao',false),(131,NULL,'fat',false),(132,'fj','fij',false),(133,NULL,'fil',false),(134,'fi','fin',true),(135,NULL,'fiu',false),(136,NULL,'fon',false),(137,'fr','fre',false),(138,NULL,'frm',false),(139,NULL,'fro',false),(140,NULL,'frr',false),(141,NULL,'frs',false),(142,'fy','fry',false),(143,'ff','ful',false),(144,NULL,'fur',false),(145,NULL,'gaa',false),(146,NULL,'gay',false),(147,NULL,'gba',false),(148,NULL,'gem',false),(149,'ka','geo',false),(150,'de','ger',false),(151,NULL,'gez',false),(152,NULL,'gil',false),(153,'gd','gla',false),(154,'ga','gle',false),(155,'gl','glg',false),(156,'gv','glv',false),(157,NULL,'gmh',false),(158,NULL,'goh',false),(159,NULL,'gon',false),(160,NULL,'gor',false),(161,NULL,'got',false),(162,NULL,'grb',false),(163,NULL,'grc',false),(164,'el','gre',false),(165,'gn','grn',false),(166,NULL,'gsw',false),(167,'gu','guj',false),(168,NULL,'gwi',false),(169,NULL,'hai',false),(170,'ht','hat',false),(171,'ha','hau',false),(172,NULL,'haw',false),(173,'he','heb',false),(174,'hz','her',false),(175,NULL,'hil',false),(176,NULL,'him',false),(177,'hi','hin',false),(178,NULL,'hit',false),(179,NULL,'hmn',false),(180,'ho','hmo',false),(181,'hr','hrv',false),(182,NULL,'hsb',false),(183,'hu','hun',false),(184,NULL,'hup',false),(185,NULL,'iba',false),(186,'ig','ibo',false),(187,'is','ice',false),(188,'io','ido',false),(189,'ii','iii',false),(190,NULL,'ijo',false),(191,'iu','iku',false),(192,'ie','ile',false),(193,NULL,'ilo',false),(194,'ia','ina',false),(195,NULL,'inc',false),(196,'id','ind',false),(197,NULL,'ine',false),(198,NULL,'inh',false),(199,'ik','ipk',false),(200,NULL,'ira',false),(201,NULL,'iro',false),(202,'it','ita',false),(203,'jv','jav',false),(204,NULL,'jbo',false),(205,'ja','jpn',false),(206,NULL,'jpr',false),(207,NULL,'jrb',false),(208,NULL,'kaa',false),(209,NULL,'kab',false),(210,NULL,'kac',false),(211,'kl','kal',false),(212,NULL,'kam',false),(213,'kn','kan',false),(214,NULL,'kar',false),(215,'ks','kas',false),(216,'kr','kau',false),(217,NULL,'kaw',false),(218,'kk','kaz',false),(219,NULL,'kbd',false),(220,NULL,'kha',false),(221,NULL,'khi',false),(222,'km','khm',false),(223,NULL,'kho',false),(224,'ki','kik',false),(225,'rw','kin',false),(226,'ky','kir',false),(227,NULL,'kmb',false),(228,NULL,'kok',false),(229,'kv','kom',false),(230,'kg','kon',false),(231,'ko','kor',false),(232,NULL,'kos',false),(233,NULL,'kpe',false),(234,NULL,'krc',false),(235,NULL,'krl',false),(236,NULL,'kro',false),(237,NULL,'kru',false),(238,'kj','kua',false),(239,NULL,'kum',false),(240,'ku','kur',false),(241,NULL,'kut',false),(242,NULL,'lad',false),(243,NULL,'lah',false),(244,NULL,'lam',false),(245,'lo','lao',false),(246,'la','lat',false),(247,'lv','lav',false),(248,NULL,'lez',false),(249,'li','lim',false),(250,'ln','lin',false),(251,'lt','lit',false),(252,NULL,'lol',false),(253,NULL,'loz',false),(254,'lb','ltz',false),(255,NULL,'lua',false),(256,'lu','lub',false),(257,'lg','lug',false),(258,NULL,'lui',false),(259,NULL,'lun',false),(260,NULL,'luo',false),(261,NULL,'lus',false),(262,'mk','mac',false),(263,NULL,'mad',false),(264,NULL,'mag',false),(265,'mh','mah',false),(266,NULL,'mai',false),(267,NULL,'mak',false),(268,'ml','mal',false),(269,NULL,'man',false),(270,'mi','mao',false),(271,NULL,'map',false),(272,'mr','mar',false),(273,NULL,'mas',false),(274,'ms','may',false),(275,NULL,'mdf',false),(276,NULL,'mdr',false),(277,NULL,'men',false),(278,NULL,'mga',false),(279,NULL,'mic',false),(280,NULL,'min',false),(281,NULL,'mis',false),(282,NULL,'mkh',false),(283,'mg','mlg',false),(284,'mt','mlt',false),(285,NULL,'mnc',false),(286,NULL,'mni',false),(287,NULL,'mno',false),(288,NULL,'moh',false),(289,'mn','mon',false),(290,NULL,'mos',false),(291,NULL,'mul',false),(292,NULL,'mun',false),(293,NULL,'mus',false),(294,NULL,'mwl',false),(295,NULL,'mwr',false),(296,NULL,'myn',false),(297,NULL,'myv',false),(298,NULL,'nah',false),(299,NULL,'nai',false),(300,NULL,'nap',false),(301,'na','nau',false),(302,'nv','nav',false),(303,'nr','nbl',false),(304,'nd','nde',false),(305,'ng','ndo',false),(306,NULL,'nds',false),(307,'ne','nep',false),(308,NULL,'new',false),(309,NULL,'nia',false),(310,NULL,'nic',false),(311,NULL,'niu',false),(312,'nn','nno',false),(313,'nb','nob',false),(314,NULL,'nog',false),(315,NULL,'non',false),(316,'no','nor',false),(317,NULL,'nqo',false),(318,NULL,'nso',false),(319,NULL,'nub',false),(320,NULL,'nwc',false),(321,'ny','nya',false),(322,NULL,'nym',false),(323,NULL,'nyn',false),(324,NULL,'nyo',false),(325,NULL,'nzi',false),(326,'oc','oci',false),(327,'oj','oji',false),(328,'or','ori',false),(329,'om','orm',false),(330,NULL,'osa',false),(331,'os','oss',false),(332,NULL,'ota',false),(333,NULL,'oto',false),(334,NULL,'paa',false),(335,NULL,'pag',false),(336,NULL,'pal',false),(337,NULL,'pam',false),(338,'pa','pan',false),(339,NULL,'pap',false),(340,NULL,'pau',false),(341,NULL,'peo',false),(342,'fa','per',false),(343,NULL,'phi',false),(344,NULL,'phn',false),(345,'pi','pli',false),(346,'pl','pol',false),(347,NULL,'pon',false),(348,'pt','por',false),(349,NULL,'pra',false),(350,NULL,'pro',false),(351,'ps','pus',false),(352,NULL,'qaa-qtz',false),(353,'qu','que',false),(354,NULL,'raj',false),(355,NULL,'rap',false),(356,NULL,'rar',false),(357,NULL,'roa',false),(358,'rm','roh',false),(359,NULL,'rom',false),(360,'ro','rum',false),(361,'rn','run',false),(362,NULL,'rup',false),(363,'ru','rus',false),(364,NULL,'sad',false),(365,'sg','sag',false),(366,NULL,'sah',false),(367,NULL,'sai',false),(368,NULL,'sal',false),(369,NULL,'sam',false),(370,'sa','san',false),(371,NULL,'sas',false),(372,NULL,'sat',false),(373,NULL,'scn',false),(374,NULL,'sco',false),(375,NULL,'sel',false),(376,NULL,'sem',false),(377,NULL,'sga',false),(378,NULL,'sgn',false),(379,NULL,'shn',false),(380,NULL,'sid',false),(381,'si','sin',false),(382,NULL,'sio',false),(383,NULL,'sit',false),(384,NULL,'sla',false),(385,'sk','slo',false),(386,'sl','slv',false),(387,NULL,'sma',false),(388,'se','sme',false),(389,NULL,'smi',false),(390,NULL,'smj',false),(391,NULL,'smn',false),(392,'sm','smo',false),(393,NULL,'sms',false),(394,'sn','sna',false),(395,'sd','snd',false),(396,NULL,'snk',false),(397,NULL,'sog',false),(398,'so','som',false),(399,NULL,'son',false),(400,'st','sot',false),(401,'es','spa',false),(402,'sc','srd',false),(403,NULL,'srn',false),(404,'sr','srp',false),(405,NULL,'srr',false),(406,NULL,'ssa',false),(407,'ss','ssw',false),(408,NULL,'suk',false),(409,'su','sun',false),(410,NULL,'sus',false),(411,NULL,'sux',false),(412,'sw','swa',false),(413,'sv','swe',false),(414,NULL,'syc',false),(415,NULL,'syr',false),(416,'ty','tah',false),(417,NULL,'tai',false),(418,'ta','tam',false),(419,'tt','tat',false),(420,'te','tel',false),(421,NULL,'tem',false),(422,NULL,'ter',false),(423,NULL,'tet',false),(424,'tg','tgk',false),(425,'tl','tgl',false),(426,'th','tha',false),(427,'bo','tib',false),(428,NULL,'tig',false),(429,'ti','tir',false),(430,NULL,'tiv',false),(431,NULL,'tkl',false),(432,NULL,'tlh',false),(433,NULL,'tli',false),(434,NULL,'tmh',false),(435,NULL,'tog',false),(436,'to','ton',false),(437,NULL,'tpi',false),(438,NULL,'tsi',false),(439,'tn','tsn',false),(440,'ts','tso',false),(441,'tk','tuk',false),(442,NULL,'tum',false),(443,NULL,'tup',false),(444,'tr','tur',false),(445,NULL,'tut',false),(446,NULL,'tvl',false),(447,'tw','twi',false),(448,NULL,'tyv',false),(449,NULL,'udm',false),(450,NULL,'uga',false),(451,'ug','uig',false),(452,'uk','ukr',false),(453,NULL,'umb',false),(454,NULL,'und',false),(455,'ur','urd',false),(456,'uz','uzb',false),(457,NULL,'vai',false),(458,'ve','ven',false),(459,'vi','vie',false),(460,'vo','vol',false),(461,NULL,'vot',false),(462,NULL,'wak',false),(463,NULL,'wal',false),(464,NULL,'war',false),(465,NULL,'was',false),(466,'cy','wel',false),(467,NULL,'wen',false),(468,'wa','wln',false),(469,'wo','wol',false),(470,NULL,'xal',false),(471,'xh','xho',false),(472,NULL,'yao',false),(473,NULL,'yap',false),(474,'yi','yid',false),(475,'yo','yor',false),(476,NULL,'ypk',false),(477,NULL,'zap',false),(478,NULL,'zbl',false),(479,NULL,'zen',false),(480,'za','zha',false),(481,NULL,'znd',false),(482,'zu','zul',false),(483,NULL,'zun',false),(484,NULL,'zxx',false),(485,NULL,'zza',false);
 
INSERT INTO 
  Country (id, code, name)
VALUES 
  (247,'AF','Afghanistan'),(248,'AX','Aland Islands'),(249,'AL','Albania'),(250,'DZ','Algeria'),(251,'AS','American Samoa'),(252,'AD','Andorra'),(253,'AO','Angola'),(254,'AI','Anguilla'),(255,'AQ','Antarctica'),(256,'AG','Antigua and Barbuda'),(257,'AR','Argentina'),(258,'AM','Armenia'),(259,'AW','Aruba'),(260,'AU','Australia'),(261,'AT','Austria'),(262,'AZ','Azerbaijan'),(263,'BS','Bahamas'),(264,'BH','Bahrain'),(265,'BD','Bangladesh'),(266,'BB','Barbados'),(267,'BY','Belarus'),(268,'BE','Belgium'),(269,'BZ','Belize'),(270,'BJ','Benin'),(271,'BM','Bermuda'),(272,'BT','Bhutan'),(273,'BO','Bolivia'),(274,'BA','Bosnia and Herzegovina'),(275,'BW','Botswana'),(276,'BV','Bouvet Island'),(277,'BR','Brazil'),(278,'IO','British Indian Ocean Territory'),(279,'BN','Brunei Darussalam'),(280,'BG','Bulgaria'),(281,'BF','Burkina Faso'),(282,'BI','Burundi'),(283,'KH','Cambodia'),(284,'CM','Cameroon'),(285,'CA','Canada'),(286,'CV','Cape Verde'),(287,'KY','Cayman Islands'),(288,'CF','Central African Republic'),(289,'TD','Chad'),(290,'CL','Chile'),(291,'CN','China'),(292,'CX','Christmas Island'),(293,'CC','Cocos (Keeling) Islands'),(294,'CO','Colombia'),(295,'KM','Comoros'),(296,'CD','Congo, the Democratic Republic of the'),(297,'CG','Congo'),(298,'CK','Cook Islands'),(299,'CR','Costa Rica'),(300,'CI','Cote D''Ivoire'),(301,'HR','Croatia'),(302,'CU','Cuba'),(303,'CY','Cyprus'),(304,'CZ','Czech Republic'),(305,'DK','Denmark'),(306,'DJ','Djibouti'),(307,'DM','Dominica'),(308,'DO','Dominican Republic'),(309,'EC','Ecuador'),(310,'EG','Egypt'),(311,'SV','El Salvador'),(312,'GQ','Equatorial Guinea'),(313,'ER','Eritrea'),(314,'EE','Estonia'),(315,'ET','Ethiopia'),(316,'FK','Falkland Islands (Malvinas)'),(317,'FO','Faroe Islands'),(318,'FJ','Fiji'),(319,'FI','Finland'),(320,'FR','France'),(321,'GF','French Guiana'),(322,'PF','French Polynesia'),(323,'TF','French Southern Territories'),(324,'GA','Gabon'),(325,'GM','Gambia'),(326,'GE','Georgia'),(327,'DE','Germany'),(328,'GH','Ghana'),(329,'GI','Gibraltar'),(330,'GR','Greece'),(331,'GL','Greenland'),(332,'GD','Grenada'),(333,'GP','Guadeloupe'),(334,'GU','Guam'),(335,'GT','Guatemala'),(336,'GG','Guernsey'),(337,'GN','Guinea'),(338,'GW','Guinea-Bissau'),(339,'GY','Guyana'),(340,'HT','Haiti'),(341,'HM','Heard Island and Mcdonald Islands'),(342,'HN','Honduras'),(343,'HK','Hong Kong'),(344,'HU','Hungary'),(345,'IS','Iceland'),(346,'IN','India'),(347,'ID','Indonesia'),(348,'IR','Iran (Islamic Republic of)'),(349,'IQ','Iraq'),(350,'IE','Ireland'),(351,'IM','Isle of Man'),(352,'IL','Israel'),(353,'IT','Italy'),(354,'JM','Jamaica'),(355,'JP','Japan'),(356,'JE','Jersey'),(357,'JO','Jordan'),(358,'KZ','Kazakhstan'),(359,'KE','Kenya'),(360,'KI','Kiribati'),(361,'KP','Korea, Democratic People''S Republic of'),(362,'KR','Korea, Republic of'),(363,'KW','Kuwait'),(364,'KG','Kyrgyzstan'),(365,'LA','Lao People''S Democratic Republic'),(366,'LV','Latvia'),(367,'LB','Lebanon'),(368,'LS','Lesotho'),(369,'LR','Liberia'),(370,'LY','Libyan Arab Jamahiriya'),(371,'LI','Liechtenstein'),(372,'LT','Lithuania'),(373,'LU','Luxembourg'),(374,'MO','Macao'),(375,'MK','Macedonia, the Former Yugoslav Republic of'),(376,'MG','Madagascar'),(377,'MW','Malawi'),(378,'MY','Malaysia'),(379,'MV','Maldives'),(380,'ML','Mali'),(381,'MT','Malta'),(382,'MH','Marshall Islands'),(383,'MQ','Martinique'),(384,'MR','Mauritania'),(385,'MU','Mauritius'),(386,'YT','Mayotte'),(387,'MX','Mexico'),(388,'FM','Micronesia, Federated States of'),(389,'MD','Moldova, Republic of'),(390,'MC','Monaco'),(391,'MN','Mongolia'),(392,'ME','Montenegro'),(393,'MS','Montserrat'),(394,'MA','Morocco'),(395,'MZ','Mozambique'),(396,'MM','Myanmar'),(397,'NA','Namibia'),(398,'NR','Nauru'),(399,'NP','Nepal'),(400,'NL','Netherlands'),(401,'AN','Netherlands Antilles'),(402,'NC','New Caledonia'),(403,'NZ','New Zealand'),(404,'NI','Nicaragua'),(405,'NE','Niger'),(406,'NG','Nigeria'),(407,'NU','Niue'),(408,'NF','Norfolk Island'),(409,'MP','Northern Mariana Islands'),(410,'NO','Norway'),(411,'OM','Oman'),(412,'PK','Pakistan'),(413,'PW','Palau'),(414,'PS','Palestinian Territory, Occupied'),(415,'PA','Panama'),(416,'PG','Papua New Guinea'),(417,'PY','Paraguay'),(418,'PE','Peru'),(419,'PH','Philippines'),(420,'PN','Pitcairn'),(421,'PL','Poland'),(422,'PT','Portugal'),(423,'PR','Puerto Rico'),(424,'QA','Qatar'),(425,'RE','Reunion'),(426,'RO','Romania'),(427,'RU','Russian Federation'),(428,'RW','Rwanda'),(429,'BL','Saint Barthelemy'),(430,'SH','Saint Helena'),(431,'KN','Saint Kitts and Nevis'),(432,'LC','Saint Lucia'),(433,'MF','Saint Martin (French Part)'),(434,'PM','Saint Pierre and Miquelon'),(435,'VC','Saint Vincent and the Grenadines'),(436,'WS','Samoa'),(437,'SM','San Marino'),(438,'ST','Sao Tome and Principe'),(439,'SA','Saudi Arabia'),(440,'SN','Senegal'),(441,'RS','Serbia'),(442,'SC','Seychelles'),(443,'SL','Sierra Leone'),(444,'SG','Singapore'),(445,'SK','Slovakia'),(446,'SI','Slovenia'),(447,'SB','Solomon Islands'),(448,'SO','Somalia'),(449,'ZA','South Africa'),(450,'GS','South Georgia and the South Sandwich Islands'),(451,'ES','Spain'),(452,'LK','Sri Lanka'),(453,'SD','Sudan'),(454,'SR','Suriname'),(455,'SJ','Svalbard and Jan Mayen'),(456,'SZ','Swaziland'),(457,'SE','Sweden'),(458,'CH','Switzerland'),(459,'SY','Syrian Arab Republic'),(460,'TW','Taiwan, Province of China'),(461,'TJ','Tajikistan'),(462,'TZ','Tanzania, United Republic of'),(463,'TH','Thailand'),(464,'TL','Timor-Leste'),(465,'TG','Togo'),(466,'TK','Tokelau'),(467,'TO','Tonga'),(468,'TT','Trinidad and Tobago'),(469,'TN','Tunisia'),(470,'TR','Turkey'),(471,'TM','Turkmenistan'),(472,'TC','Turks and Caicos Islands'),(473,'TV','Tuvalu'),(474,'UG','Uganda'),(475,'UA','Ukraine'),(476,'AE','United Arab Emirates'),(477,'GB','United Kingdom'),(478,'US','United States'),(479,'UM','United States Minor Outlying Islands'),(480,'UY','Uruguay'),(481,'UZ','Uzbekistan'),(482,'VU','Vanuatu'),(483,'VA','Vatican City State (Holy See)'),(484,'VE','Venezuela'),(485,'VN','Viet Nam'),(486,'VG','Virgin Islands (British)'),(487,'VI','Virgin Islands (U.S.)'),(488,'WF','Wallis and Futuna'),(489,'EH','Western Sahara'),(490,'YE','Yemen'),(491,'ZM','Zambia'),(492,'ZW','Zimbabwe');

insert into 
  SystemSetting (id, settingKey, value) 
values 
  (1, 'DEFAULT_LOCALE', 'en_US'),
  (2, 'DEFAULT_LANGUAGE', 'fi'), 
  (3, 'PAYTRAIL_MERCHANT_ID', 13466),
  (4, 'PAYTRAIL_MERCHANT_SECRET', '6pKF4jkv97zmqBJ3ZL8gUw5DfT2NMQ'),
  (5, 'GAMELIBRARY_PUBLICATION_FORUM_ID', '5'),
  (6, 'GAMELIBRARY_ORDERMAILER_NAME', 'Bogus Order'),
  (7, 'GAMELIBRARY_ORDERMAILER_MAIL', 'bogus.order@foyt.fi'),
  (8, 'GAMELIBRARY_SHOP_OWNER_NAME', 'Bogus Shop Owner'),
  (9, 'GAMELIBRARY_SHOP_OWNER_MAIL', 'bogus.shop-owner@foyt.fi');
  
insert into 
  User (id, archived, firstName, lastName, locale, profileImageSource, registrationDate, role) 
values 
  (1, false, 'Test', 'Guest', 'en_US', 'GRAVATAR', PARSEDATETIME('1 1 2010', 'd M yyyy'), 'GUEST'), 
  (2, false, 'Test', 'User', 'en_US', 'GRAVATAR', PARSEDATETIME('2 2 2011', 'd M yyyy'), 'USER'), 
  (3, false, 'Test', 'Librarian', 'en_US', 'GRAVATAR', PARSEDATETIME('3 3 2012', 'd M yyyy'), 'LIBRARIAN'), 
  (4, false, 'Test', 'Admin', 'en_US', 'GRAVATAR', PARSEDATETIME('4 4 2013', 'd M yyyy'), 'ADMINISTRATOR');

insert into 
  UserEmail (id, email, primaryEmail, user_id)
values 
  (1, 'guest@foyt.fi', true, 1),
  (2, 'user@foyt.fi', true, 2),
  (3, 'librarian@foyt.fi', true, 3),
  (4, 'admin@foyt.fi', true, 4);
  
insert into 
  InternalAuth (id, password, verified, user_id)
values 
  (1, '1a1dc91c907325c69271ddf0c944bc72', true, 1),
  (2, '1a1dc91c907325c69271ddf0c944bc72', true, 2),
  (3, '1a1dc91c907325c69271ddf0c944bc72', true, 3),
  (4, '1a1dc91c907325c69271ddf0c944bc72', true, 4);
  
insert into   
  Material (id, created, modified, publicity, title, type, urlName, creator_id, modifier_id, parentFolder_id)
values 
  (1, PARSEDATETIME('1 1 2010', 'd M yyyy'), PARSEDATETIME('1 1 2010', 'd M yyyy'), 'PRIVATE', 'Folder', 'FOLDER', 'folder', 2, 2, null);
insert into Folder (id) values (1);
  
insert into   
  Material (id, created, modified, publicity, title, type, urlName, creator_id, modifier_id, parentFolder_id)
values   
  (2, PARSEDATETIME('1 1 2010', 'd M yyyy'), PARSEDATETIME('1 1 2010', 'd M yyyy'), 'PRIVATE', 'Subfolder', 'FOLDER', 'subfolder', 2, 2, 1);
  
insert into Folder (id) values (2);
  
insert into   
  Material (id, created, modified, publicity, title, type, urlName, creator_id, modifier_id, parentFolder_id)
values 
  (3, PARSEDATETIME('1 1 2010', 'd M yyyy'), PARSEDATETIME('1 1 2010', 'd M yyyy'), 'PRIVATE', 'Document', 'DOCUMENT', 'document', 2, 2, null),
  (4, PARSEDATETIME('1 1 2010', 'd M yyyy'), PARSEDATETIME('1 1 2010', 'd M yyyy'), 'PRIVATE', 'Document in Folder', 'DOCUMENT', 'document_in_folder', 2, 2, 1),
  (5, PARSEDATETIME('1 1 2010', 'd M yyyy'), PARSEDATETIME('1 1 2010', 'd M yyyy'), 'PRIVATE', 'Document in Subfolder', 'DOCUMENT', 'document_in_subfolder', 2, 2, 2),
  (6, PARSEDATETIME('1 1 2010', 'd M yyyy'), PARSEDATETIME('1 1 2010', 'd M yyyy'), 'PRIVATE', 'Image', 'IMAGE', 'image', 2, 2, null),
  (7, PARSEDATETIME('1 1 2010', 'd M yyyy'), PARSEDATETIME('1 1 2010', 'd M yyyy'), 'PRIVATE', 'Image in Folder', 'IMAGE', 'image_in_folder', 2, 2, 1),
  (8, PARSEDATETIME('1 1 2010', 'd M yyyy'), PARSEDATETIME('1 1 2010', 'd M yyyy'), 'PRIVATE', 'Image in Subfolder', 'IMAGE', 'image_in_subfolder', 2, 2, 2),
  (9, PARSEDATETIME('1 1 2010', 'd M yyyy'), PARSEDATETIME('1 1 2010', 'd M yyyy'), 'PRIVATE', 'Vector Image', 'VECTOR_IMAGE', 'vectorimage', 2, 2, null),
  (10, PARSEDATETIME('1 1 2010', 'd M yyyy'), PARSEDATETIME('1 1 2010', 'd M yyyy'), 'PRIVATE', 'Vector Image in Folder', 'VECTOR_IMAGE', 'vectorimage_in_folder', 2, 2, 1),
  (11, PARSEDATETIME('1 1 2010', 'd M yyyy'), PARSEDATETIME('1 1 2010', 'd M yyyy'), 'PRIVATE', 'Vector Image in Subfolder', 'VECTOR_IMAGE', 'vectorimage_in_subfolder', 2, 2, 2);
  
insert into 
  Document (id, data)
values 
  (3, '<p>Document in root</p>'), 
  (4, '<p>Document in folder</p>'), 
  (5, '<p>Document in subfolder</p>');

insert into 
  Binary_ (id, contentType, data)
values 
  (6, 'image/jpeg', X'ffd8ffe000104a46494600010101012c012c0000ffe10be64578696600004d4d002a000000080007011200030000000100010000011a00050000000100000062011b0005000000010000006a012800030000000100020000013100020000000b0000007201320002000000140000007e876900040000000100000092000000d40000012c000000010000012c0000000147494d5020322e382e360000323031343a30343a32332030373a30333a3535000005900000070000000430323130a00000070000000430313030a00100030000000100010000a002000400000001000000c8a003000400000001000000b7000000000006010300030000000100060000011a00050000000100000122011b0005000000010000012a012800030000000100020000020100040000000100000132020200040000000100000aac0000000000000048000000010000004800000001ffd8ffe000104a46494600010100000100010000ffdb00430050373c463c32504641465a55505f78c882786e6e78f5afb991c8ffffffffffffffffffffffffffffffffffffffffffffffffffffffffffffffffffffffffffffffdb004301555a5a786978eb8282ebffffffffffffffffffffffffffffffffffffffffffffffffffffffffffffffffffffffffffffffffffffffffffffffffffffffffffffffc000110800a700b703012200021101031101ffc4001f0000010501010101010100000000000000000102030405060708090a0bffc400b5100002010303020403050504040000017d01020300041105122131410613516107227114328191a1082342b1c11552d1f02433627282090a161718191a25262728292a3435363738393a434445464748494a535455565758595a636465666768696a737475767778797a838485868788898a92939495969798999aa2a3a4a5a6a7a8a9aab2b3b4b5b6b7b8b9bac2c3c4c5c6c7c8c9cad2d3d4d5d6d7d8d9dae1e2e3e4e5e6e7e8e9eaf1f2f3f4f5f6f7f8f9faffc4001f0100030101010101010101010000000000000102030405060708090a0bffc400b51100020102040403040705040400010277000102031104052131061241510761711322328108144291a1b1c109233352f0156272d10a162434e125f11718191a262728292a35363738393a434445464748494a535455565758595a636465666768696a737475767778797a82838485868788898a92939495969798999aa2a3a4a5a6a7a8a9aab2b3b4b5b6b7b8b9bac2c3c4c5c6c7c8c9cad2d3d4d5d6d7d8d9dae2e3e4e5e6e7e8e9eaf2f3f4f5f6f7f8f9faffda000c03010002110311003f00407d69d51ed93d57f2a4c483b03408969bbb6c80ff00b269a2423a8228ff005878ed40135b8c2b7d71fa54a7a5321fb99f524d2c87087d4f14c0adfc44527dd901ec7834a3ae7d691c6578eb4fa00ac3069c9f771e9c527de50d9ebda88cf26a407d2c4332907b8a4a58b8947d0d0059a28a4a00456dc4fa0a7520c76a5a0028a293b9a0041d4d3a9077a5a0029a3ef139ec05293804d449e9ead401301814514500671723d0fd09a50643f779fc41a969081d40e6818d0d2778cd3d0e43310463a51b8e376e34ec1f954f52726800c1585867a714c77df18fa7eb5237dddbead519032cc3eea7f3a62065c05f6e2929fc32fd698460e0d500d8c0f997d0d397effe14d1f2ca0faf14ee8d52c07d03efafd69acdb464d08af21c93b57b5202de4671de900ea4f535181b4753f89a4190bc360fb5004c0606296a25978c9e47a8a96800a407233413fad2d0020ef4b49de96801adce07ad32307cc39e833fafff005a9fc6e2c4f1d29c2800a2918e071d68a00a8485c64d2d203f3ae4679c539210a32dcfb76a06323219b1c601c9a70605b79e067029cab1b0c0503f0a6a42a304e703d6801c4f05fb9fbb4f0988b69fc6990fce777f0af0296673f747738a62234383b695c719a197b8a4cee53ed54031c7cb9ee39a7039c11de90f22914fee87e552c07850ed93f757f53526e34d0005dbd4514803a734e4eb4c670bf5a679ded40164003a52c670767e22abacd938e952124e08fbcb4013e39cd2d22e768cf5c52d0035b8707d8d29e052367e5faf34ea00638c44453c74a6c9c21a527e5a003a907b0a291d822ff21450055419907d6a7c76ed50c5feb0f3f854bc7419eb40c8c29600742bc669eca704939c0e94b8e723f1a53c8c50057569238fcc38e7b7ad2b1c953ed9fce9d2e1e3d8bc9ed4d906180f45029a11253186d3b80fad2a1c8c7714eaa021149160803dc9a3eeb914c46d849a96058cf38c54723e3814c3231f6a6d201caa58d4c2d323249a640406e6af8e94019d245e59a512e17919ab171866c0a54b75dbcd00491b6f8d5bd453aa386331295ce46722a4a0043d29690f434018a004619207bd0bca2d3bbd373b63fc2802263ba43e83814534650e1fa9ef4532d0c87fd71fc6a7c0c9f5aac870cc7b75a9c48093814891c7a544ee4640e4d399fd3eb9a646430f72fcfbd004b147b17d4f7a89c67e6ab150f51548445d391535427a53d55f197240ec051702295bf7981e94ca9650aa3818c9a4813736f2320741eb520464103241028abad82b8350b44872470680210706a513b018cd33ca6f6fce8f29fd07e7400e5932f935751c30ace2aebd54d4b6f27ef40cd005e3494514008dca9a514119a0734009fc79f6a1802a41a504127da9ad220c82c3e9401046de62ed71cd15193b30d8e07f2a29944e403dbbd1b1718c52d07a5210df2d3fba291d3a15e08e869f41200c9a0011f23e6e0f715087c96080b73c50ecb2636f23b9a9005e36f007a517111aa6d6dce416ec3d295892c3d69cc72699d013de802195b2c7daaca011c6a3daaaa8dcea3d4d5a6eb40099e6a292421b038a930339f4a8e55248205002c4c581cd3ce7b1c53635dabcf5a479369c0eb40126ec734144906e1f2b7a8eb4c8df7039ed4f06801f1484111c9f7bb1f5a9aa0203af3d453a2909043fde5fd68025a2807201a28022de4332ae339cf351afde3b860f5a571be46c71b7f5346eca86ee3ad343108ec68a5c8070dd3b1a2980f1d39a3b52d15203471927a7ad3154484b3723b0a73fcc76f61c9a13a50214608f97814d2c4e4118a731c0a6500149d6968a04418db30fad4f4c7c1c7a834fa062020f4a296928011ce149a8304826a693ee9a89180c83d0d003e1230477a96ab1183c1a9d4ee506810f53834487690e3a8fd45252b1c8140cb0082011d0d23305527d05456cdc14cfdd34e9bee607f11c500471719cf53c9a43f2bfb1e0d2affac61ec2958656a8620195da7a8a2909db86edd0d140121381934d66d8b93c9cd3aa39ff00817d4d4807afb9c9a70202839a809da1cf61d2a68c010ae7d3340818e4fb53480460d2d2119a005a8a3387606a5a8243b65045004ac320d3a9072296800a28a2810544d1024ed383e95231da3268041e868195981538618a7c726de3a8a9880c304546611db8a007ab061914ea6226c1ef4fa0420e0e4707d6a5dfbf9f4ed51d00ed607b74342180ff005df5069fea2987fd6afd4d3f387fa8aa188bdc1a2871de8a0071e78a87efb97ec3815237caa5bb814d036a2afa0a906453f098f5a981c44bf4a8273dbdaa443945fa5021d4d63b4669d4c93ee9a007d4538f941f434f8db72d2b2ee523d6801b11ca63d29f557953b4f514f5948ebcd004d4b51f9a3d0d2198761408908c8c1a81a364395e47f2a0c8c7bd264e08cf5a063926ec6a55756e86ab9191480faf5a00b745409211c1e454c0e466810b4633c1ef4503ad031a80b3293d89cd48fd6900c4cdee3343f5aa18e1f30a29aa7068a00593fd591eb48dd689380a3de90d48995a5396269d049c6c3f8546fd0d201f2fbd005bdc3d45432be781d0533f84376a6939e05004f07434f660b8cd3611f29a26195cfa5002c881d78ebd8d5707b1eb52c4fced3f8524c9cee1d2801941a419e8696800a28a5009190280128ee334628a005230714f89bf84fe151e72307a8fe545005aa298ae0a64f6a1c9c00a393dfd280099ff0078bb79352375a8c460291d49ea69431030dd40ebeb4d00ea2abbb97e070b453b8c9d9b7487d178a6c8d84fad145488ae46452d1450022b00c437dd3530887af145140120000c0a493ee37d28a2802b8192077ab08d9c83d475a28a0063459e56a320a9c1a28a042a26efa54e0003028a28002011cd432205231d28a28008e3def8ce3e5cd35815620f5145140c9625c2f3de9e060628a28016a099b736dec28a2801945145007fffd9ffe106a2687474703a2f2f6e732e61646f62652e636f6d2f7861702f312e302f003c3f787061636b657420626567696e3d27efbbbf272069643d2757354d304d7043656869487a7265537a4e54637a6b633964273f3e0a3c783a786d706d65746120786d6c6e733a783d2761646f62653a6e733a6d6574612f273e0a3c7264663a52444620786d6c6e733a7264663d27687474703a2f2f7777772e77332e6f72672f313939392f30322f32322d7264662d73796e7461782d6e7323273e0a0a203c7264663a4465736372697074696f6e20786d6c6e733a786d703d27687474703a2f2f6e732e61646f62652e636f6d2f7861702f312e302f273e0a20203c786d703a43726561746f72546f6f6c3e41646f62652050686f746f73686f7020435335204d6163696e746f73683c2f786d703a43726561746f72546f6f6c3e0a20203c786d703a437265617465446174653e323031332d30392d30325431363a33393a31352b30333a30303c2f786d703a437265617465446174653e0a20203c786d703a4d65746164617461446174653e323031332d30392d31365431343a33383a30392b30333a30303c2f786d703a4d65746164617461446174653e0a20203c786d703a4d6f64696679446174653e323031332d30392d31365431343a33383a30392b30333a30303c2f786d703a4d6f64696679446174653e0a203c2f7264663a4465736372697074696f6e3e0a0a203c7264663a4465736372697074696f6e20786d6c6e733a64633d27687474703a2f2f7075726c2e6f72672f64632f656c656d656e74732f312e312f273e0a20203c64633a666f726d61743e696d6167652f6a7065673c2f64633a666f726d61743e0a203c2f7264663a4465736372697074696f6e3e0a0a203c7264663a4465736372697074696f6e20786d6c6e733a786d704d4d3d27687474703a2f2f6e732e61646f62652e636f6d2f7861702f312e302f6d6d2f273e0a20203c786d704d4d3a496e7374616e636549443e786d702e6969643a30363830313137343037323036383131383843363943413339333941313837423c2f786d704d4d3a496e7374616e636549443e0a20203c786d704d4d3a4f726967696e616c446f63756d656e7449443e786d702e6469643a30313830313137343037323036383131393130394643433541433745463231423c2f786d704d4d3a4f726967696e616c446f63756d656e7449443e0a20203c786d704d4d3a496e7374616e636549443e786d702e6969643a30363830313137343037323036383131383843363943413339333941313837423c2f786d704d4d3a496e7374616e636549443e0a20203c786d704d4d3a446f63756d656e744944207264663a7265736f757263653d27786d702e6469643a303138303131373430373230363831313931303946434335414337454632314227202f3e0a20203c786d704d4d3a4f726967696e616c446f63756d656e7449443e786d702e6469643a30313830313137343037323036383131393130394643433541433745463231423c2f786d704d4d3a4f726967696e616c446f63756d656e7449443e0a20203c786d704d4d3a486973746f72793e0a2020203c7264663a5365713e0a2020203c2f7264663a5365713e0a20203c2f786d704d4d3a486973746f72793e0a20203c786d704d4d3a4465726976656446726f6d207264663a7061727365547970653d275265736f75726365273e0a20203c2f786d704d4d3a4465726976656446726f6d3e0a203c2f7264663a4465736372697074696f6e3e0a0a203c7264663a4465736372697074696f6e20786d6c6e733a70686f746f73686f703d27687474703a2f2f6e732e61646f62652e636f6d2f70686f746f73686f702f312e302f273e0a20203c70686f746f73686f703a436f6c6f724d6f64653e333c2f70686f746f73686f703a436f6c6f724d6f64653e0a20203c70686f746f73686f703a49434350726f66696c653e735247422049454336313936362d322e313c2f70686f746f73686f703a49434350726f66696c653e0a20203c70686f746f73686f703a446f63756d656e74416e636573746f72733e0a2020203c7264663a5365713e0a202020203c7264663a6c693e786d702e6469643a30313830313137343037323036383131393130394643433541433745463231423c2f7264663a6c693e0a2020203c2f7264663a5365713e0a20203c2f70686f746f73686f703a446f63756d656e74416e636573746f72733e0a203c2f7264663a4465736372697074696f6e3e0a0a3c2f7264663a5244463e0a3c2f783a786d706d6574613e0a3c3f787061636b657420656e643d2772273f3e0affe20c584943435f50524f46494c4500010100000c484c696e6f021000006d6e74725247422058595a2007ce00020009000600310000616373704d5346540000000049454320735247420000000000000000000000010000f6d6000100000000d32d4850202000000000000000000000000000000000000000000000000000000000000000000000000000000000000000000000001163707274000001500000003364657363000001840000006c77747074000001f000000014626b707400000204000000147258595a00000218000000146758595a0000022c000000146258595a0000024000000014646d6e640000025400000070646d6464000002c400000088767565640000034c0000008676696577000003d4000000246c756d69000003f8000000146d6561730000040c0000002474656368000004300000000c725452430000043c0000080c675452430000043c0000080c625452430000043c0000080c7465787400000000436f70797269676874202863292031393938204865776c6574742d5061636b61726420436f6d70616e790000646573630000000000000012735247422049454336313936362d322e31000000000000000000000012735247422049454336313936362d322e31000000000000000000000000000000000000000000000000000000000000000000000000000000000000000000000000000058595a20000000000000f35100010000000116cc58595a200000000000000000000000000000000058595a200000000000006fa2000038f50000039058595a2000000000000062990000b785000018da58595a2000000000000024a000000f840000b6cf64657363000000000000001649454320687474703a2f2f7777772e6965632e636800000000000000000000001649454320687474703a2f2f7777772e6965632e63680000000000000000000000000000000000000000000000000000000000000000000000000000000000000000000064657363000000000000002e4945432036313936362d322e312044656661756c742052474220636f6c6f7572207370616365202d207352474200000000000000000000002e4945432036313936362d322e312044656661756c742052474220636f6c6f7572207370616365202d20735247420000000000000000000000000000000000000000000064657363000000000000002c5265666572656e63652056696577696e6720436f6e646974696f6e20696e2049454336313936362d322e3100000000000000000000002c5265666572656e63652056696577696e6720436f6e646974696f6e20696e2049454336313936362d322e31000000000000000000000000000000000000000000000000000076696577000000000013a4fe00145f2e0010cf140003edcc0004130b00035c9e0000000158595a2000000000004c09560050000000571fe76d6561730000000000000001000000000000000000000000000000000000028f0000000273696720000000004352542063757276000000000000040000000005000a000f00140019001e00230028002d00320037003b00400045004a004f00540059005e00630068006d00720077007c00810086008b00900095009a009f00a400a900ae00b200b700bc00c100c600cb00d000d500db00e000e500eb00f000f600fb01010107010d01130119011f0125012b01320138013e0145014c0152015901600167016e0175017c0183018b0192019a01a101a901b101b901c101c901d101d901e101e901f201fa0203020c0214021d0226022f02380241024b0254025d02670271027a0284028e029802a202ac02b602c102cb02d502e002eb02f50300030b03160321032d03380343034f035a03660372037e038a039603a203ae03ba03c703d303e003ec03f9040604130420042d043b0448045504630471047e048c049a04a804b604c404d304e104f004fe050d051c052b053a05490558056705770586059605a605b505c505d505e505f6060606160627063706480659066a067b068c069d06af06c006d106e306f507070719072b073d074f076107740786079907ac07bf07d207e507f8080b081f08320846085a086e0882089608aa08be08d208e708fb09100925093a094f09640979098f09a409ba09cf09e509fb0a110a270a3d0a540a6a0a810a980aae0ac50adc0af30b0b0b220b390b510b690b800b980bb00bc80be10bf90c120c2a0c430c5c0c750c8e0ca70cc00cd90cf30d0d0d260d400d5a0d740d8e0da90dc30dde0df80e130e2e0e490e640e7f0e9b0eb60ed20eee0f090f250f410f5e0f7a0f960fb30fcf0fec1009102610431061107e109b10b910d710f511131131114f116d118c11aa11c911e81207122612451264128412a312c312e31303132313431363138313a413c513e5140614271449146a148b14ad14ce14f01512153415561578159b15bd15e0160316261649166c168f16b216d616fa171d17411765178917ae17d217f7181b18401865188a18af18d518fa19201945196b199119b719dd1a041a2a1a511a771a9e1ac51aec1b141b3b1b631b8a1bb21bda1c021c2a1c521c7b1ca31ccc1cf51d1e1d471d701d991dc31dec1e161e401e6a1e941ebe1ee91f131f3e1f691f941fbf1fea20152041206c209820c420f0211c2148217521a121ce21fb22272255228222af22dd230a23382366239423c223f0241f244d247c24ab24da250925382568259725c725f726272657268726b726e827182749277a27ab27dc280d283f287128a228d429062938296b299d29d02a022a352a682a9b2acf2b022b362b692b9d2bd12c052c392c6e2ca22cd72d0c2d412d762dab2de12e162e4c2e822eb72eee2f242f5a2f912fc72ffe3035306c30a430db3112314a318231ba31f2322a3263329b32d4330d3346337f33b833f1342b3465349e34d83513354d358735c235fd3637367236ae36e937243760379c37d738143850388c38c839053942397f39bc39f93a363a743ab23aef3b2d3b6b3baa3be83c273c653ca43ce33d223d613da13de03e203e603ea03ee03f213f613fa23fe24023406440a640e74129416a41ac41ee4230427242b542f7433a437d43c044034447448a44ce45124555459a45de4622466746ab46f04735477b47c04805484b489148d7491d496349a949f04a374a7d4ac44b0c4b534b9a4be24c2a4c724cba4d024d4a4d934ddc4e254e6e4eb74f004f494f934fdd5027507150bb51065150519b51e65231527c52c75313535f53aa53f65442548f54db5528557555c2560f565c56a956f75744579257e0582f587d58cb591a596959b85a075a565aa65af55b455b955be55c355c865cd65d275d785dc95e1a5e6c5ebd5f0f5f615fb36005605760aa60fc614f61a261f56249629c62f06343639763eb6440649464e9653d659265e7663d669266e8673d679367e9683f689668ec6943699a69f16a486a9f6af76b4f6ba76bff6c576caf6d086d606db96e126e6b6ec46f1e6f786fd1702b708670e0713a719571f0724b72a67301735d73b87414747074cc7528758575e1763e769b76f8775677b37811786e78cc792a798979e77a467aa57b047b637bc27c217c817ce17d417da17e017e627ec27f237f847fe5804780a8810a816b81cd8230829282f4835783ba841d848084e3854785ab860e867286d7873b879f8804886988ce8933899989fe8a648aca8b308b968bfc8c638cca8d318d988dff8e668ece8f368f9e9006906e90d6913f91a89211927a92e3934d93b69420948a94f4955f95c99634969f970a977597e0984c98b89924999099fc9a689ad59b429baf9c1c9c899cf79d649dd29e409eae9f1d9f8b9ffaa069a0d8a147a1b6a226a296a306a376a3e6a456a4c7a538a5a9a61aa68ba6fda76ea7e0a852a8c4a937a9a9aa1caa8fab02ab75abe9ac5cacd0ad44adb8ae2daea1af16af8bb000b075b0eab160b1d6b24bb2c2b338b3aeb425b49cb513b58ab601b679b6f0b768b7e0b859b8d1b94ab9c2ba3bbab5bb2ebba7bc21bc9bbd15bd8fbe0abe84beffbf7abff5c070c0ecc167c1e3c25fc2dbc358c3d4c451c4cec54bc5c8c646c6c3c741c7bfc83dc8bcc93ac9b9ca38cab7cb36cbb6cc35ccb5cd35cdb5ce36ceb6cf37cfb8d039d0bad13cd1bed23fd2c1d344d3c6d449d4cbd54ed5d1d655d6d8d75cd7e0d864d8e8d96cd9f1da76dafbdb80dc05dc8add10dd96de1cdea2df29dfafe036e0bde144e1cce253e2dbe363e3ebe473e4fce584e60de696e71fe7a9e832e8bce946e9d0ea5beae5eb70ebfbec86ed11ed9cee28eeb4ef40efccf058f0e5f172f1fff28cf319f3a7f434f4c2f550f5def66df6fbf78af819f8a8f938f9c7fa57fae7fb77fc07fc98fd29fdbafe4bfedcff6dffffffdb00430050373c463c32504641465a55505f78c882786e6e78f5afb991c8ffffffffffffffffffffffffffffffffffffffffffffffffffffffffffffffffffffffffffffffdb004301555a5a786978eb8282ebffffffffffffffffffffffffffffffffffffffffffffffffffffffffffffffffffffffffffffffffffffffffffffffffffffffffffffffc200110800b700c803011100021101031101ffc40017000003010000000000000000000000000000010203ffc4001501010100000000000000000000000000000001ffda000c0301000210031000000148c04334208a202800d404300010c043300018cd0cc9a4540303500000000020b3054302d190aac0700c0d443000000112598a83829a252c40286324d400a0000010c0c9410c6894b19228605000c650008621818a80228a455204950c602280a1808621818ad92324d122810822c4492059a1402188625c8d09288251d512208a200d9526451b0000088592c604824d50198a0019baa1252b40000442c9a01208ea00a3280620181a1aaa400000c964b01250549254414592480846e5000008c96c000480864906c2200b10c46a0004094aa800044a512224d0448142194234003257415008408c40220d0000c86680302c445a015008494210012508008028a011a92b3401501209448800450001988658c450ed9188a89252800404960000211006a00359aa11510080c000c8d404311250c4300105b401128806324a33194301124145140002b680225108b1106823218c04002194580005a0e126649a0883510198c0000000b28082ed4381332462036200448c0000000d04312c96819880a28a2093411032c649051268303311ffc4001e10000104030101010000000000000000000100101120303141022140ffda000801010001050273aeaf4c29dc9f5a58316ea0ddcb2a5bb3f7ae328da8a060e2b2a72f18edbadac5ca415d41173801a9bf50bcb841fa8b15d78fa2a28022186edd1bc8104500a2dcd21b6282368a838034b7468a2d08af2f0a1416f3aac8a430f88add89429aca1ce86d8a0d2fac7151ba8a063a193b60e58a1f848b061b73a42a2f0a2a175cb79af6b383b42bce9ba8a9aeda54d45385797ed254d853ac748b4a97947107eb1636282233f69b50c5e2f1f285bfffc40014110100000000000000000000000000000090ffda0008010301013f010fff00ffc40014110100000000000000000000000000000090ffda0008010201013f010fff00ffc4001c1000020105010000000000000000000000114001102131506070ffda0008010100063f02e37152c862efc292ccedcf283d9fffc4002510000202020203000203010100000000000001101121312041516171308191a1b1d1e1ffda0008010100013f219d86e3a47650b50bfccb79e2b4a7b8f833e20f284cafdc3e685a348c6690b5fc6b55ee2feff11a8a9b551d899bfed0f46d5cbb51df17a97e0ffa450aad32fd05bbad1d18f6c7b6c71d90b7179a59137d96b12778e7db12ae1ab1e29e4bc22b286369d0ec79c0a859656458f90a143c419e0bcd5192f05bd90b1909dbdb32c098cd0f62d7b7c2cda2c5ee7b8d27bfdc5bcfd2d6fa1bc1bd0f5068e87a16a4fc25acd9f16874375e450efe9465736f914347536ec424c70ed67df1ec5a46d9c1ea6e8aa4ddb8598f22c4ec3607c44d1f27815d32b8a5edee4b71dc365d4d97f867ebf816c562c4ce8937ad987b7140c6938dfca3f7175bc0d6bc51ee1ffec514f052a3a1e874a8ce98f62c6a36fe9a8c835cda786537b5af0276ad704de90b93aec4edecd28c066b2bd8a3742ca1337b5aecbd7b9edb45e2cf4e7b1bcd22a8d4b57ca7966d28c5ff00486a666869fd36abc4bc09661f0aae25b1aa1ae11e5e23548ec33bb9ec438ec7a1651e38f80be84e9f07ac31ecd91b5518397d0d9667b97a1fae6d18d90aef83742ff2763dc755e4eecd5fde3ae5b274c4ef97b16a3d9d42cb6ff4686cfb3da374c5c163a1f04c2e2fee311d0b088d4eca5b83568d619658b72695b34c38d833713a76507e11d1b5096bf02d7c86b96ef0fe471a46c216e14dbae225653e08b1db75d158a2eb0c6efe0ddfc0de258abe8549ade04ec7e03542562550d4696a2b152d6ea3ffda000c03010002000300000010b6dabf64da6db6db6da4d257f4db6d369269b4410bdd9349a6da6db680a707b26d26da69a4d100b2b6e9b6d34da4d304939fe920534db49a449226dba28269b6d2441043ff0064c329369a6d9008db649064b2d34da000ebec9241345a69ae087576d36934db4d274805ecdb4d86da6db5010404d34d941a49b7480494906800404536c12484900116d000b68920129149a0034882902412922d240025b402a4821240140a2102002c121968a2c804b4c005804a08b01b2000d200ae0169b2c96824934406c90926d06da0da09a49ca936d82d22082124904fffc4001b11010002020300000000000000000000000120400060105070ffda0008010301013f10915de0aeef0593b220da70f2622e9ad66055ffc4001b11010100030003000000000000000000000140101150003060ffda0008010201013f10f434b398672932cc6598cbce292930b46f927d1949d3df4c7c6affc400261001000202010401040301000000000000010011213110415161718120a1b1c191d1f0e1ffda0008010100013f101efcfd845051ea7e17f7c689b3dcfe0ea25a9dc8ac3c1b077473400dbf4fdb1c866f80fcc0ad4f4ff32cedfc303a71ee210ef3155a57eb8b3e03f73447c03860acbf69f938c57dfe39a2efaf2e08641868f5c2d0af496b2db47f7c2cecf718767ed2dd92914b5e84144efa2ffbe261ac0b3f70b0b7cbdb2aacf30db2186d3678ba4f30d4dd3a1b808b7d7e8d9ce6794574ed7f75716ecbf982d83c39251eb7fbd4adf0026ddcb61be807fdf8812fa9961cdf4e35ec3367ae1bd157889a4856a9858aa6ba388aee5d6794c9e381b2f82d4d51440b5758e0b9d38bb5b466583af6fdc5156f44a211a32faffb2c23d4c278894d4d2f4710a82b0997ed0e20f6f78bbe950572d9de13231dc3ab5e3808676ef856a3d18b45c6f971c741dd8da81ab609c8b3706b3e1de36d5bae9a961a10c1181ee0f88c68e9d7f12ac3373d4eaf6cc50cb5572e5cef37d3c72627ac6989443edf1c817ce77fa897345f73f3c1a1773340dc005d159fe650abbaa232c14e457a9a92ae9dfba8fe0fe2656bb59764dcd97b3325ea65fe35c5d16b15c6117baac147492979212e0a5e6b6ee5719d0eb16c798c00dfd8417b75fd4c2fa899e681728743bca2bc8182604601511e6bbf155a7cc5b7ea3bf822d2ab89ac6a1b600c99819129bc43436b0395aaf706e2587b0cfb622f84c111ef7fa8b968662094eb84aa0b7b45a95d920f52205912c4974424626f7c2a81768385c272caeb34df2d62fbe381ca7696c7b0a8d569d8ff00737f8b9e218288aaaaed704cae6b513a225353ef9168b62da7a2dcea1d5815aaa0df033ac5ae65605d4112ce5ca1c1b78429e958dea50f720a00fbc71ad66b30938bc3f0f59f6d73609a1ee52abfe501be4dac4587625258b5d78222b3125acd55cb744f99fe07fa88683d1965415e65839719ab785659de218adf6960b0c0d3c4727fc94ec4f0a2d4a2bb44f60d3084b4dc4c429ddfd401acbbbde0d2f623647745051c214311d53c161bccb155fb26c17ae0c92c7e810018b5bf6c68a25236fcc4a6b92ab1d78444a40cfad7d21d455f31c189a041e8662db28b1ea4d11417de00b65a04df1d062a9b9a7ee52a99e8e517000f7da46c0f4dcd3d0e8c35aae3a0b8c86abcac156e5eeb14a296f4c45b78a9152f5f4a6e9a79566621568cfec71e0821a439a730ca3a80b56f0e55165196576ca2ed33174fa2829d6f800d1512c8f6ef181bd465e3a32a53b3874c54d76ae0882699f269f6cc59f786c19743bb0f037716cbd03ef2d6a6e2a38cdbb468937150f722239dd3f4a0d8b3b4b57e12a183659c2589de355acd0ca25eda9a3e9958481628cf8a2a144a742a327d0c472caf8cf582d1313d9f5264cc273bef3c911015be76532cb5b3ef31f6fda1b1f330b47f98eceeb3ea27a026490e57e8ddeef9df09654c41074dfd5749d987d33ec1fd4c0be2398db5d37323ef4f51538f9038bc706be043a0712ef5ca0db1627f9894e567980f8e8c070e1fa006c749505e5d31378fa45a4f6cc1e8a2c0ef17f25f0e49458e9c130ca575208d353cd14ebf42753851a5c73a20837ad315b0c45abb54dabb4575ed1a84181b875dd2f30d3d46976a7be3507a3be1fa40b3afe1c50a767034dcad551ac35369adc781dd38db3be0ba9d62d40bede0523de5f96cd4a95ab1fb42cf2728a8896c78ba6c8e87a31537298ecc3d13abcca68c428134618eff00096274c3e65178e605130aaddc237aea81e4f1a0798146892a5fc2417384454c65500638345acc3afa635ec56902da268e5e2471ffd9'),
  (7, 'image/jpeg', X'ffd8ffe000104a46494600010101012c012c0000ffe103b04578696600004d4d002a000000080007011200030000000100010000011a00050000000100000062011b0005000000010000006a012800030000000100020000013100020000000b0000007201320002000000140000007e876900040000000100000092000000d40000012c000000010000012c0000000147494d5020322e382e360000323031343a30343a32332030373a30373a3433000005900000070000000430323130a00000070000000430313030a00100030000000100010000a00200040000000100000001a00300040000000100000001000000000006010300030000000100060000011a00050000000100000122011b0005000000010000012a0128000300000001000200000201000400000001000001320202000400000001000002760000000000000048000000010000004800000001ffd8ffe000104a46494600010100000100010000ffdb00430050373c463c32504641465a55505f78c882786e6e78f5afb991c8ffffffffffffffffffffffffffffffffffffffffffffffffffffffffffffffffffffffffffffffdb004301555a5a786978eb8282ebffffffffffffffffffffffffffffffffffffffffffffffffffffffffffffffffffffffffffffffffffffffffffffffffffffffffffffffc00011080001000103012200021101031101ffc4001f0000010501010101010100000000000000000102030405060708090a0bffc400b5100002010303020403050504040000017d01020300041105122131410613516107227114328191a1082342b1c11552d1f02433627282090a161718191a25262728292a3435363738393a434445464748494a535455565758595a636465666768696a737475767778797a838485868788898a92939495969798999aa2a3a4a5a6a7a8a9aab2b3b4b5b6b7b8b9bac2c3c4c5c6c7c8c9cad2d3d4d5d6d7d8d9dae1e2e3e4e5e6e7e8e9eaf1f2f3f4f5f6f7f8f9faffc4001f0100030101010101010101010000000000000102030405060708090a0bffc400b51100020102040403040705040400010277000102031104052131061241510761711322328108144291a1b1c109233352f0156272d10a162434e125f11718191a262728292a35363738393a434445464748494a535455565758595a636465666768696a737475767778797a82838485868788898a92939495969798999aa2a3a4a5a6a7a8a9aab2b3b4b5b6b7b8b9bac2c3c4c5c6c7c8c9cad2d3d4d5d6d7d8d9dae2e3e4e5e6e7e8e9eaf2f3f4f5f6f7f8f9faffda000c03010002110311003f005a28a2811fffd9ffe106a2687474703a2f2f6e732e61646f62652e636f6d2f7861702f312e302f003c3f787061636b657420626567696e3d27efbbbf272069643d2757354d304d7043656869487a7265537a4e54637a6b633964273f3e0a3c783a786d706d65746120786d6c6e733a783d2761646f62653a6e733a6d6574612f273e0a3c7264663a52444620786d6c6e733a7264663d27687474703a2f2f7777772e77332e6f72672f313939392f30322f32322d7264662d73796e7461782d6e7323273e0a0a203c7264663a4465736372697074696f6e20786d6c6e733a786d703d27687474703a2f2f6e732e61646f62652e636f6d2f7861702f312e302f273e0a20203c786d703a43726561746f72546f6f6c3e41646f62652050686f746f73686f7020435335204d6163696e746f73683c2f786d703a43726561746f72546f6f6c3e0a20203c786d703a437265617465446174653e323031332d30392d30325431363a33393a31352b30333a30303c2f786d703a437265617465446174653e0a20203c786d703a4d65746164617461446174653e323031332d30392d31365431343a33383a30392b30333a30303c2f786d703a4d65746164617461446174653e0a20203c786d703a4d6f64696679446174653e323031332d30392d31365431343a33383a30392b30333a30303c2f786d703a4d6f64696679446174653e0a203c2f7264663a4465736372697074696f6e3e0a0a203c7264663a4465736372697074696f6e20786d6c6e733a64633d27687474703a2f2f7075726c2e6f72672f64632f656c656d656e74732f312e312f273e0a20203c64633a666f726d61743e696d6167652f6a7065673c2f64633a666f726d61743e0a203c2f7264663a4465736372697074696f6e3e0a0a203c7264663a4465736372697074696f6e20786d6c6e733a786d704d4d3d27687474703a2f2f6e732e61646f62652e636f6d2f7861702f312e302f6d6d2f273e0a20203c786d704d4d3a496e7374616e636549443e786d702e6969643a30363830313137343037323036383131383843363943413339333941313837423c2f786d704d4d3a496e7374616e636549443e0a20203c786d704d4d3a4f726967696e616c446f63756d656e7449443e786d702e6469643a30313830313137343037323036383131393130394643433541433745463231423c2f786d704d4d3a4f726967696e616c446f63756d656e7449443e0a20203c786d704d4d3a496e7374616e636549443e786d702e6969643a30363830313137343037323036383131383843363943413339333941313837423c2f786d704d4d3a496e7374616e636549443e0a20203c786d704d4d3a446f63756d656e744944207264663a7265736f757263653d27786d702e6469643a303138303131373430373230363831313931303946434335414337454632314227202f3e0a20203c786d704d4d3a4f726967696e616c446f63756d656e7449443e786d702e6469643a30313830313137343037323036383131393130394643433541433745463231423c2f786d704d4d3a4f726967696e616c446f63756d656e7449443e0a20203c786d704d4d3a486973746f72793e0a2020203c7264663a5365713e0a2020203c2f7264663a5365713e0a20203c2f786d704d4d3a486973746f72793e0a20203c786d704d4d3a4465726976656446726f6d207264663a7061727365547970653d275265736f75726365273e0a20203c2f786d704d4d3a4465726976656446726f6d3e0a203c2f7264663a4465736372697074696f6e3e0a0a203c7264663a4465736372697074696f6e20786d6c6e733a70686f746f73686f703d27687474703a2f2f6e732e61646f62652e636f6d2f70686f746f73686f702f312e302f273e0a20203c70686f746f73686f703a436f6c6f724d6f64653e333c2f70686f746f73686f703a436f6c6f724d6f64653e0a20203c70686f746f73686f703a49434350726f66696c653e735247422049454336313936362d322e313c2f70686f746f73686f703a49434350726f66696c653e0a20203c70686f746f73686f703a446f63756d656e74416e636573746f72733e0a2020203c7264663a5365713e0a202020203c7264663a6c693e786d702e6469643a30313830313137343037323036383131393130394643433541433745463231423c2f7264663a6c693e0a2020203c2f7264663a5365713e0a20203c2f70686f746f73686f703a446f63756d656e74416e636573746f72733e0a203c2f7264663a4465736372697074696f6e3e0a0a3c2f7264663a5244463e0a3c2f783a786d706d6574613e0a3c3f787061636b657420656e643d2772273f3e0affe20c584943435f50524f46494c4500010100000c484c696e6f021000006d6e74725247422058595a2007ce00020009000600310000616373704d5346540000000049454320735247420000000000000000000000010000f6d6000100000000d32d4850202000000000000000000000000000000000000000000000000000000000000000000000000000000000000000000000001163707274000001500000003364657363000001840000006c77747074000001f000000014626b707400000204000000147258595a00000218000000146758595a0000022c000000146258595a0000024000000014646d6e640000025400000070646d6464000002c400000088767565640000034c0000008676696577000003d4000000246c756d69000003f8000000146d6561730000040c0000002474656368000004300000000c725452430000043c0000080c675452430000043c0000080c625452430000043c0000080c7465787400000000436f70797269676874202863292031393938204865776c6574742d5061636b61726420436f6d70616e790000646573630000000000000012735247422049454336313936362d322e31000000000000000000000012735247422049454336313936362d322e31000000000000000000000000000000000000000000000000000000000000000000000000000000000000000000000000000058595a20000000000000f35100010000000116cc58595a200000000000000000000000000000000058595a200000000000006fa2000038f50000039058595a2000000000000062990000b785000018da58595a2000000000000024a000000f840000b6cf64657363000000000000001649454320687474703a2f2f7777772e6965632e636800000000000000000000001649454320687474703a2f2f7777772e6965632e63680000000000000000000000000000000000000000000000000000000000000000000000000000000000000000000064657363000000000000002e4945432036313936362d322e312044656661756c742052474220636f6c6f7572207370616365202d207352474200000000000000000000002e4945432036313936362d322e312044656661756c742052474220636f6c6f7572207370616365202d20735247420000000000000000000000000000000000000000000064657363000000000000002c5265666572656e63652056696577696e6720436f6e646974696f6e20696e2049454336313936362d322e3100000000000000000000002c5265666572656e63652056696577696e6720436f6e646974696f6e20696e2049454336313936362d322e31000000000000000000000000000000000000000000000000000076696577000000000013a4fe00145f2e0010cf140003edcc0004130b00035c9e0000000158595a2000000000004c09560050000000571fe76d6561730000000000000001000000000000000000000000000000000000028f0000000273696720000000004352542063757276000000000000040000000005000a000f00140019001e00230028002d00320037003b00400045004a004f00540059005e00630068006d00720077007c00810086008b00900095009a009f00a400a900ae00b200b700bc00c100c600cb00d000d500db00e000e500eb00f000f600fb01010107010d01130119011f0125012b01320138013e0145014c0152015901600167016e0175017c0183018b0192019a01a101a901b101b901c101c901d101d901e101e901f201fa0203020c0214021d0226022f02380241024b0254025d02670271027a0284028e029802a202ac02b602c102cb02d502e002eb02f50300030b03160321032d03380343034f035a03660372037e038a039603a203ae03ba03c703d303e003ec03f9040604130420042d043b0448045504630471047e048c049a04a804b604c404d304e104f004fe050d051c052b053a05490558056705770586059605a605b505c505d505e505f6060606160627063706480659066a067b068c069d06af06c006d106e306f507070719072b073d074f076107740786079907ac07bf07d207e507f8080b081f08320846085a086e0882089608aa08be08d208e708fb09100925093a094f09640979098f09a409ba09cf09e509fb0a110a270a3d0a540a6a0a810a980aae0ac50adc0af30b0b0b220b390b510b690b800b980bb00bc80be10bf90c120c2a0c430c5c0c750c8e0ca70cc00cd90cf30d0d0d260d400d5a0d740d8e0da90dc30dde0df80e130e2e0e490e640e7f0e9b0eb60ed20eee0f090f250f410f5e0f7a0f960fb30fcf0fec1009102610431061107e109b10b910d710f511131131114f116d118c11aa11c911e81207122612451264128412a312c312e31303132313431363138313a413c513e5140614271449146a148b14ad14ce14f01512153415561578159b15bd15e0160316261649166c168f16b216d616fa171d17411765178917ae17d217f7181b18401865188a18af18d518fa19201945196b199119b719dd1a041a2a1a511a771a9e1ac51aec1b141b3b1b631b8a1bb21bda1c021c2a1c521c7b1ca31ccc1cf51d1e1d471d701d991dc31dec1e161e401e6a1e941ebe1ee91f131f3e1f691f941fbf1fea20152041206c209820c420f0211c2148217521a121ce21fb22272255228222af22dd230a23382366239423c223f0241f244d247c24ab24da250925382568259725c725f726272657268726b726e827182749277a27ab27dc280d283f287128a228d429062938296b299d29d02a022a352a682a9b2acf2b022b362b692b9d2bd12c052c392c6e2ca22cd72d0c2d412d762dab2de12e162e4c2e822eb72eee2f242f5a2f912fc72ffe3035306c30a430db3112314a318231ba31f2322a3263329b32d4330d3346337f33b833f1342b3465349e34d83513354d358735c235fd3637367236ae36e937243760379c37d738143850388c38c839053942397f39bc39f93a363a743ab23aef3b2d3b6b3baa3be83c273c653ca43ce33d223d613da13de03e203e603ea03ee03f213f613fa23fe24023406440a640e74129416a41ac41ee4230427242b542f7433a437d43c044034447448a44ce45124555459a45de4622466746ab46f04735477b47c04805484b489148d7491d496349a949f04a374a7d4ac44b0c4b534b9a4be24c2a4c724cba4d024d4a4d934ddc4e254e6e4eb74f004f494f934fdd5027507150bb51065150519b51e65231527c52c75313535f53aa53f65442548f54db5528557555c2560f565c56a956f75744579257e0582f587d58cb591a596959b85a075a565aa65af55b455b955be55c355c865cd65d275d785dc95e1a5e6c5ebd5f0f5f615fb36005605760aa60fc614f61a261f56249629c62f06343639763eb6440649464e9653d659265e7663d669266e8673d679367e9683f689668ec6943699a69f16a486a9f6af76b4f6ba76bff6c576caf6d086d606db96e126e6b6ec46f1e6f786fd1702b708670e0713a719571f0724b72a67301735d73b87414747074cc7528758575e1763e769b76f8775677b37811786e78cc792a798979e77a467aa57b047b637bc27c217c817ce17d417da17e017e627ec27f237f847fe5804780a8810a816b81cd8230829282f4835783ba841d848084e3854785ab860e867286d7873b879f8804886988ce8933899989fe8a648aca8b308b968bfc8c638cca8d318d988dff8e668ece8f368f9e9006906e90d6913f91a89211927a92e3934d93b69420948a94f4955f95c99634969f970a977597e0984c98b89924999099fc9a689ad59b429baf9c1c9c899cf79d649dd29e409eae9f1d9f8b9ffaa069a0d8a147a1b6a226a296a306a376a3e6a456a4c7a538a5a9a61aa68ba6fda76ea7e0a852a8c4a937a9a9aa1caa8fab02ab75abe9ac5cacd0ad44adb8ae2daea1af16af8bb000b075b0eab160b1d6b24bb2c2b338b3aeb425b49cb513b58ab601b679b6f0b768b7e0b859b8d1b94ab9c2ba3bbab5bb2ebba7bc21bc9bbd15bd8fbe0abe84beffbf7abff5c070c0ecc167c1e3c25fc2dbc358c3d4c451c4cec54bc5c8c646c6c3c741c7bfc83dc8bcc93ac9b9ca38cab7cb36cbb6cc35ccb5cd35cdb5ce36ceb6cf37cfb8d039d0bad13cd1bed23fd2c1d344d3c6d449d4cbd54ed5d1d655d6d8d75cd7e0d864d8e8d96cd9f1da76dafbdb80dc05dc8add10dd96de1cdea2df29dfafe036e0bde144e1cce253e2dbe363e3ebe473e4fce584e60de696e71fe7a9e832e8bce946e9d0ea5beae5eb70ebfbec86ed11ed9cee28eeb4ef40efccf058f0e5f172f1fff28cf319f3a7f434f4c2f550f5def66df6fbf78af819f8a8f938f9c7fa57fae7fb77fc07fc98fd29fdbafe4bfedcff6dffffffdb00430050373c463c32504641465a55505f78c882786e6e78f5afb991c8ffffffffffffffffffffffffffffffffffffffffffffffffffffffffffffffffffffffffffffffdb004301555a5a786978eb8282ebffffffffffffffffffffffffffffffffffffffffffffffffffffffffffffffffffffffffffffffffffffffffffffffffffffffffffffffc20011080001000103011100021101031101ffc40014000100000000000000000000000000000000ffc4001501010100000000000000000000000000000001ffda000c0301000210031000000127ffc40014100100000000000000000000000000000000ffda00080101000105027fffc40014110100000000000000000000000000000000ffda0008010301013f017fffc40014110100000000000000000000000000000000ffda0008010201013f017fffc40014100100000000000000000000000000000000ffda0008010100063f027fffc40014100100000000000000000000000000000000ffda0008010100013f217fffda000c03010002000300000010bfffc40014110100000000000000000000000000000000ffda0008010301013f107fffc40014110100000000000000000000000000000000ffda0008010201013f107fffc40014100100000000000000000000000000000000ffda0008010100013f107fffd9'),
  (8, 'image/jpeg', X'ffd8ffe000104a46494600010101012c012c0000ffe103b04578696600004d4d002a000000080007011200030000000100010000011a00050000000100000062011b0005000000010000006a012800030000000100020000013100020000000b0000007201320002000000140000007e876900040000000100000092000000d40000012c000000010000012c0000000147494d5020322e382e360000323031343a30343a32332030373a30373a3433000005900000070000000430323130a00000070000000430313030a00100030000000100010000a00200040000000100000001a00300040000000100000001000000000006010300030000000100060000011a00050000000100000122011b0005000000010000012a0128000300000001000200000201000400000001000001320202000400000001000002760000000000000048000000010000004800000001ffd8ffe000104a46494600010100000100010000ffdb00430050373c463c32504641465a55505f78c882786e6e78f5afb991c8ffffffffffffffffffffffffffffffffffffffffffffffffffffffffffffffffffffffffffffffdb004301555a5a786978eb8282ebffffffffffffffffffffffffffffffffffffffffffffffffffffffffffffffffffffffffffffffffffffffffffffffffffffffffffffffc00011080001000103012200021101031101ffc4001f0000010501010101010100000000000000000102030405060708090a0bffc400b5100002010303020403050504040000017d01020300041105122131410613516107227114328191a1082342b1c11552d1f02433627282090a161718191a25262728292a3435363738393a434445464748494a535455565758595a636465666768696a737475767778797a838485868788898a92939495969798999aa2a3a4a5a6a7a8a9aab2b3b4b5b6b7b8b9bac2c3c4c5c6c7c8c9cad2d3d4d5d6d7d8d9dae1e2e3e4e5e6e7e8e9eaf1f2f3f4f5f6f7f8f9faffc4001f0100030101010101010101010000000000000102030405060708090a0bffc400b51100020102040403040705040400010277000102031104052131061241510761711322328108144291a1b1c109233352f0156272d10a162434e125f11718191a262728292a35363738393a434445464748494a535455565758595a636465666768696a737475767778797a82838485868788898a92939495969798999aa2a3a4a5a6a7a8a9aab2b3b4b5b6b7b8b9bac2c3c4c5c6c7c8c9cad2d3d4d5d6d7d8d9dae2e3e4e5e6e7e8e9eaf2f3f4f5f6f7f8f9faffda000c03010002110311003f005a28a2811fffd9ffe106a2687474703a2f2f6e732e61646f62652e636f6d2f7861702f312e302f003c3f787061636b657420626567696e3d27efbbbf272069643d2757354d304d7043656869487a7265537a4e54637a6b633964273f3e0a3c783a786d706d65746120786d6c6e733a783d2761646f62653a6e733a6d6574612f273e0a3c7264663a52444620786d6c6e733a7264663d27687474703a2f2f7777772e77332e6f72672f313939392f30322f32322d7264662d73796e7461782d6e7323273e0a0a203c7264663a4465736372697074696f6e20786d6c6e733a786d703d27687474703a2f2f6e732e61646f62652e636f6d2f7861702f312e302f273e0a20203c786d703a43726561746f72546f6f6c3e41646f62652050686f746f73686f7020435335204d6163696e746f73683c2f786d703a43726561746f72546f6f6c3e0a20203c786d703a437265617465446174653e323031332d30392d30325431363a33393a31352b30333a30303c2f786d703a437265617465446174653e0a20203c786d703a4d65746164617461446174653e323031332d30392d31365431343a33383a30392b30333a30303c2f786d703a4d65746164617461446174653e0a20203c786d703a4d6f64696679446174653e323031332d30392d31365431343a33383a30392b30333a30303c2f786d703a4d6f64696679446174653e0a203c2f7264663a4465736372697074696f6e3e0a0a203c7264663a4465736372697074696f6e20786d6c6e733a64633d27687474703a2f2f7075726c2e6f72672f64632f656c656d656e74732f312e312f273e0a20203c64633a666f726d61743e696d6167652f6a7065673c2f64633a666f726d61743e0a203c2f7264663a4465736372697074696f6e3e0a0a203c7264663a4465736372697074696f6e20786d6c6e733a786d704d4d3d27687474703a2f2f6e732e61646f62652e636f6d2f7861702f312e302f6d6d2f273e0a20203c786d704d4d3a496e7374616e636549443e786d702e6969643a30363830313137343037323036383131383843363943413339333941313837423c2f786d704d4d3a496e7374616e636549443e0a20203c786d704d4d3a4f726967696e616c446f63756d656e7449443e786d702e6469643a30313830313137343037323036383131393130394643433541433745463231423c2f786d704d4d3a4f726967696e616c446f63756d656e7449443e0a20203c786d704d4d3a496e7374616e636549443e786d702e6969643a30363830313137343037323036383131383843363943413339333941313837423c2f786d704d4d3a496e7374616e636549443e0a20203c786d704d4d3a446f63756d656e744944207264663a7265736f757263653d27786d702e6469643a303138303131373430373230363831313931303946434335414337454632314227202f3e0a20203c786d704d4d3a4f726967696e616c446f63756d656e7449443e786d702e6469643a30313830313137343037323036383131393130394643433541433745463231423c2f786d704d4d3a4f726967696e616c446f63756d656e7449443e0a20203c786d704d4d3a486973746f72793e0a2020203c7264663a5365713e0a2020203c2f7264663a5365713e0a20203c2f786d704d4d3a486973746f72793e0a20203c786d704d4d3a4465726976656446726f6d207264663a7061727365547970653d275265736f75726365273e0a20203c2f786d704d4d3a4465726976656446726f6d3e0a203c2f7264663a4465736372697074696f6e3e0a0a203c7264663a4465736372697074696f6e20786d6c6e733a70686f746f73686f703d27687474703a2f2f6e732e61646f62652e636f6d2f70686f746f73686f702f312e302f273e0a20203c70686f746f73686f703a436f6c6f724d6f64653e333c2f70686f746f73686f703a436f6c6f724d6f64653e0a20203c70686f746f73686f703a49434350726f66696c653e735247422049454336313936362d322e313c2f70686f746f73686f703a49434350726f66696c653e0a20203c70686f746f73686f703a446f63756d656e74416e636573746f72733e0a2020203c7264663a5365713e0a202020203c7264663a6c693e786d702e6469643a30313830313137343037323036383131393130394643433541433745463231423c2f7264663a6c693e0a2020203c2f7264663a5365713e0a20203c2f70686f746f73686f703a446f63756d656e74416e636573746f72733e0a203c2f7264663a4465736372697074696f6e3e0a0a3c2f7264663a5244463e0a3c2f783a786d706d6574613e0a3c3f787061636b657420656e643d2772273f3e0affe20c584943435f50524f46494c4500010100000c484c696e6f021000006d6e74725247422058595a2007ce00020009000600310000616373704d5346540000000049454320735247420000000000000000000000010000f6d6000100000000d32d4850202000000000000000000000000000000000000000000000000000000000000000000000000000000000000000000000001163707274000001500000003364657363000001840000006c77747074000001f000000014626b707400000204000000147258595a00000218000000146758595a0000022c000000146258595a0000024000000014646d6e640000025400000070646d6464000002c400000088767565640000034c0000008676696577000003d4000000246c756d69000003f8000000146d6561730000040c0000002474656368000004300000000c725452430000043c0000080c675452430000043c0000080c625452430000043c0000080c7465787400000000436f70797269676874202863292031393938204865776c6574742d5061636b61726420436f6d70616e790000646573630000000000000012735247422049454336313936362d322e31000000000000000000000012735247422049454336313936362d322e31000000000000000000000000000000000000000000000000000000000000000000000000000000000000000000000000000058595a20000000000000f35100010000000116cc58595a200000000000000000000000000000000058595a200000000000006fa2000038f50000039058595a2000000000000062990000b785000018da58595a2000000000000024a000000f840000b6cf64657363000000000000001649454320687474703a2f2f7777772e6965632e636800000000000000000000001649454320687474703a2f2f7777772e6965632e63680000000000000000000000000000000000000000000000000000000000000000000000000000000000000000000064657363000000000000002e4945432036313936362d322e312044656661756c742052474220636f6c6f7572207370616365202d207352474200000000000000000000002e4945432036313936362d322e312044656661756c742052474220636f6c6f7572207370616365202d20735247420000000000000000000000000000000000000000000064657363000000000000002c5265666572656e63652056696577696e6720436f6e646974696f6e20696e2049454336313936362d322e3100000000000000000000002c5265666572656e63652056696577696e6720436f6e646974696f6e20696e2049454336313936362d322e31000000000000000000000000000000000000000000000000000076696577000000000013a4fe00145f2e0010cf140003edcc0004130b00035c9e0000000158595a2000000000004c09560050000000571fe76d6561730000000000000001000000000000000000000000000000000000028f0000000273696720000000004352542063757276000000000000040000000005000a000f00140019001e00230028002d00320037003b00400045004a004f00540059005e00630068006d00720077007c00810086008b00900095009a009f00a400a900ae00b200b700bc00c100c600cb00d000d500db00e000e500eb00f000f600fb01010107010d01130119011f0125012b01320138013e0145014c0152015901600167016e0175017c0183018b0192019a01a101a901b101b901c101c901d101d901e101e901f201fa0203020c0214021d0226022f02380241024b0254025d02670271027a0284028e029802a202ac02b602c102cb02d502e002eb02f50300030b03160321032d03380343034f035a03660372037e038a039603a203ae03ba03c703d303e003ec03f9040604130420042d043b0448045504630471047e048c049a04a804b604c404d304e104f004fe050d051c052b053a05490558056705770586059605a605b505c505d505e505f6060606160627063706480659066a067b068c069d06af06c006d106e306f507070719072b073d074f076107740786079907ac07bf07d207e507f8080b081f08320846085a086e0882089608aa08be08d208e708fb09100925093a094f09640979098f09a409ba09cf09e509fb0a110a270a3d0a540a6a0a810a980aae0ac50adc0af30b0b0b220b390b510b690b800b980bb00bc80be10bf90c120c2a0c430c5c0c750c8e0ca70cc00cd90cf30d0d0d260d400d5a0d740d8e0da90dc30dde0df80e130e2e0e490e640e7f0e9b0eb60ed20eee0f090f250f410f5e0f7a0f960fb30fcf0fec1009102610431061107e109b10b910d710f511131131114f116d118c11aa11c911e81207122612451264128412a312c312e31303132313431363138313a413c513e5140614271449146a148b14ad14ce14f01512153415561578159b15bd15e0160316261649166c168f16b216d616fa171d17411765178917ae17d217f7181b18401865188a18af18d518fa19201945196b199119b719dd1a041a2a1a511a771a9e1ac51aec1b141b3b1b631b8a1bb21bda1c021c2a1c521c7b1ca31ccc1cf51d1e1d471d701d991dc31dec1e161e401e6a1e941ebe1ee91f131f3e1f691f941fbf1fea20152041206c209820c420f0211c2148217521a121ce21fb22272255228222af22dd230a23382366239423c223f0241f244d247c24ab24da250925382568259725c725f726272657268726b726e827182749277a27ab27dc280d283f287128a228d429062938296b299d29d02a022a352a682a9b2acf2b022b362b692b9d2bd12c052c392c6e2ca22cd72d0c2d412d762dab2de12e162e4c2e822eb72eee2f242f5a2f912fc72ffe3035306c30a430db3112314a318231ba31f2322a3263329b32d4330d3346337f33b833f1342b3465349e34d83513354d358735c235fd3637367236ae36e937243760379c37d738143850388c38c839053942397f39bc39f93a363a743ab23aef3b2d3b6b3baa3be83c273c653ca43ce33d223d613da13de03e203e603ea03ee03f213f613fa23fe24023406440a640e74129416a41ac41ee4230427242b542f7433a437d43c044034447448a44ce45124555459a45de4622466746ab46f04735477b47c04805484b489148d7491d496349a949f04a374a7d4ac44b0c4b534b9a4be24c2a4c724cba4d024d4a4d934ddc4e254e6e4eb74f004f494f934fdd5027507150bb51065150519b51e65231527c52c75313535f53aa53f65442548f54db5528557555c2560f565c56a956f75744579257e0582f587d58cb591a596959b85a075a565aa65af55b455b955be55c355c865cd65d275d785dc95e1a5e6c5ebd5f0f5f615fb36005605760aa60fc614f61a261f56249629c62f06343639763eb6440649464e9653d659265e7663d669266e8673d679367e9683f689668ec6943699a69f16a486a9f6af76b4f6ba76bff6c576caf6d086d606db96e126e6b6ec46f1e6f786fd1702b708670e0713a719571f0724b72a67301735d73b87414747074cc7528758575e1763e769b76f8775677b37811786e78cc792a798979e77a467aa57b047b637bc27c217c817ce17d417da17e017e627ec27f237f847fe5804780a8810a816b81cd8230829282f4835783ba841d848084e3854785ab860e867286d7873b879f8804886988ce8933899989fe8a648aca8b308b968bfc8c638cca8d318d988dff8e668ece8f368f9e9006906e90d6913f91a89211927a92e3934d93b69420948a94f4955f95c99634969f970a977597e0984c98b89924999099fc9a689ad59b429baf9c1c9c899cf79d649dd29e409eae9f1d9f8b9ffaa069a0d8a147a1b6a226a296a306a376a3e6a456a4c7a538a5a9a61aa68ba6fda76ea7e0a852a8c4a937a9a9aa1caa8fab02ab75abe9ac5cacd0ad44adb8ae2daea1af16af8bb000b075b0eab160b1d6b24bb2c2b338b3aeb425b49cb513b58ab601b679b6f0b768b7e0b859b8d1b94ab9c2ba3bbab5bb2ebba7bc21bc9bbd15bd8fbe0abe84beffbf7abff5c070c0ecc167c1e3c25fc2dbc358c3d4c451c4cec54bc5c8c646c6c3c741c7bfc83dc8bcc93ac9b9ca38cab7cb36cbb6cc35ccb5cd35cdb5ce36ceb6cf37cfb8d039d0bad13cd1bed23fd2c1d344d3c6d449d4cbd54ed5d1d655d6d8d75cd7e0d864d8e8d96cd9f1da76dafbdb80dc05dc8add10dd96de1cdea2df29dfafe036e0bde144e1cce253e2dbe363e3ebe473e4fce584e60de696e71fe7a9e832e8bce946e9d0ea5beae5eb70ebfbec86ed11ed9cee28eeb4ef40efccf058f0e5f172f1fff28cf319f3a7f434f4c2f550f5def66df6fbf78af819f8a8f938f9c7fa57fae7fb77fc07fc98fd29fdbafe4bfedcff6dffffffdb00430050373c463c32504641465a55505f78c882786e6e78f5afb991c8ffffffffffffffffffffffffffffffffffffffffffffffffffffffffffffffffffffffffffffffdb004301555a5a786978eb8282ebffffffffffffffffffffffffffffffffffffffffffffffffffffffffffffffffffffffffffffffffffffffffffffffffffffffffffffffc20011080001000103011100021101031101ffc40014000100000000000000000000000000000000ffc4001501010100000000000000000000000000000001ffda000c0301000210031000000127ffc40014100100000000000000000000000000000000ffda00080101000105027fffc40014110100000000000000000000000000000000ffda0008010301013f017fffc40014110100000000000000000000000000000000ffda0008010201013f017fffc40014100100000000000000000000000000000000ffda0008010100063f027fffc40014100100000000000000000000000000000000ffda0008010100013f217fffda000c03010002000300000010bfffc40014110100000000000000000000000000000000ffda0008010301013f107fffc40014110100000000000000000000000000000000ffda0008010201013f107fffc40014100100000000000000000000000000000000ffda0008010100013f107fffd9');

insert into Image (id) values (6), (7), (8);

insert into 
  VectorImage (id, data) 
values
  (9, '<?xml version="1.0" encoding="UTF-8" standalone="no"?><svg width="100" height="100"><circle r="45" cy="50" cx="50" style="fill:yellow;stroke: #000"/></svg>'),
  (10, '<?xml version="1.0" encoding="UTF-8" standalone="no"?><svg width="100" height="100"><circle r="45" cy="50" cx="50" style="fill:yellow;stroke: #000"/></svg>'),
  (11, '<?xml version="1.0" encoding="UTF-8" standalone="no"?><svg width="100" height="100"><circle r="45" cy="50" cx="50" style="fill:yellow;stroke: #000"/></svg>');

insert into 
  UserMaterialRole (role, material_id, user_id)
values 	
  ('MAY_VIEW', 1, 3),
  ('MAY_EDIT', 1, 4),
  ('MAY_VIEW', 3, 3),
  ('MAY_EDIT', 3, 4),
  ('MAY_VIEW', 6, 3),
  ('MAY_EDIT', 6, 4),
  ('MAY_VIEW', 9, 3),
  ('MAY_EDIT', 9, 4);
  
insert into 
  ForumCategory (id, name)
values 
  (1, 'Category');
  
insert into 
  Forum (id, allowTopicCreation, name, description, urlName, category_id)
values 
  (1, true, 'Empty Forum', 'Topicless forum', 'empty_forum', 1),
  (2, true, 'Single topic Forum', 'Single topic forum', '1_topic_forum', 1),
  (3, true, 'Five topic Forum', 'Five topic forum', '5_topic_forum', 1),
  (4, false, 'Immutable Forum', 'No topic creation allowed Forum', 'immutable', 1);
  
insert into 
  ForumMessage (id, created, modified, views, author_id)
values 
  (1, PARSEDATETIME('1 1 2010 12:30', 'd M yyyy HH:mm'), PARSEDATETIME('1 1 2010 12:30', 'd M yyyy HH:mm'), 0, 1),
  (2, PARSEDATETIME('1 1 2010 13:30', 'd M yyyy HH:mm'), PARSEDATETIME('1 1 2010 13:30', 'd M yyyy HH:mm'), 0, 1),
  (3, PARSEDATETIME('1 1 2010 14:30', 'd M yyyy HH:mm'), PARSEDATETIME('1 1 2010 14:30', 'd M yyyy HH:mm'), 0, 1),
  (4, PARSEDATETIME('1 1 2010 15:30', 'd M yyyy HH:mm'), PARSEDATETIME('1 1 2010 15:30', 'd M yyyy HH:mm'), 0, 1),
  (5, PARSEDATETIME('1 1 2010 16:30', 'd M yyyy HH:mm'), PARSEDATETIME('1 1 2010 16:30', 'd M yyyy HH:mm'), 0, 1),
  (6, PARSEDATETIME('1 1 2010 17:30', 'd M yyyy HH:mm'), PARSEDATETIME('1 1 2010 17:30', 'd M yyyy HH:mm'), 0, 1),
  (7, PARSEDATETIME('1 1 2010 18:30', 'd M yyyy HH:mm'), PARSEDATETIME('1 1 2010 17:30', 'd M yyyy HH:mm'), 0, 1),
  (8, PARSEDATETIME('1 1 2011 16:30', 'd M yyyy HH:mm'), PARSEDATETIME('1 1 2011 16:30', 'd M yyyy HH:mm'), 0, 1),
  (9, PARSEDATETIME('1 1 2012 17:30', 'd M yyyy HH:mm'), PARSEDATETIME('1 1 2012 17:30', 'd M yyyy HH:mm'), 0, 1),
  (10, PARSEDATETIME('1 1 2013 18:30', 'd M yyyy HH:mm'), PARSEDATETIME('1 1 2013 18:30', 'd M yyyy HH:mm'), 0, 1);

insert into 
  ForumTopic (id, forum_id, urlName, subject) 
values 
  (1, 2, 'single_topic', 'Topic of single topic forum'),
  (2, 3, 'topic1of5', 'Topic 1 of 5 topic forum'),
  (3, 3, 'topic2of5', 'Topic 2 of 5 topic forum'),
  (4, 3, 'topic3of5', 'Topic 3 of 5 topic forum'),
  (5, 3, 'topic4of5', 'Topic 4 of 5 topic forum'),
  (6, 3, 'topic5of5', 'Topic 5 of 5 topic forum'),
  (7, 4, 'immutable_topic', 'Topic of immutable Forum topic'),
  (8, 4, 'testbook_1', 'Fat hag dwarves quickly zap jinx mob'),
  (9, 4, 'testbook_2', ', ,     ()  '),
  (10, 4, 'pangram_fi', 'Beowulf pohti zuluja ja ngstrm-yksikk katsellessaan Q-stone- ja CMX-yhtyeit videolta.');
 
insert into 
  ForumMessage (id, created, modified, views, author_id)
values 
  (11, PARSEDATETIME('1 1 2010 13:00', 'd M yyyy HH:mm'), PARSEDATETIME('1 1 2010 13:00', 'd M yyyy HH:mm'), 0, 1),
  (12, PARSEDATETIME('1 1 2010 14:00', 'd M yyyy HH:mm'), PARSEDATETIME('1 1 2010 14:00', 'd M yyyy HH:mm'), 0, 1),
  (13, PARSEDATETIME('1 1 2010 15:00', 'd M yyyy HH:mm'), PARSEDATETIME('1 1 2010 15:00', 'd M yyyy HH:mm'), 0, 1),
  (14, PARSEDATETIME('1 1 2010 16:00', 'd M yyyy HH:mm'), PARSEDATETIME('1 1 2010 16:00', 'd M yyyy HH:mm'), 0, 1),
  (15, PARSEDATETIME('1 1 2010 17:00', 'd M yyyy HH:mm'), PARSEDATETIME('1 1 2010 17:00', 'd M yyyy HH:mm'), 0, 1),
  (16, PARSEDATETIME('1 1 2010 18:00', 'd M yyyy HH:mm'), PARSEDATETIME('1 1 2010 18:00', 'd M yyyy HH:mm'), 0, 1),
  (17, PARSEDATETIME('1 1 2010 19:00', 'd M yyyy HH:mm'), PARSEDATETIME('1 1 2010 19:00', 'd M yyyy HH:mm'), 0, 1),
  (18, PARSEDATETIME('1 1 2010 20:00', 'd M yyyy HH:mm'), PARSEDATETIME('1 1 2010 20:00', 'd M yyyy HH:mm'), 0, 1),
  (19, PARSEDATETIME('1 1 2010 21:00', 'd M yyyy HH:mm'), PARSEDATETIME('1 1 2010 21:00', 'd M yyyy HH:mm'), 0, 1),
  (20, PARSEDATETIME('1 1 2010 22:00', 'd M yyyy HH:mm'), PARSEDATETIME('1 1 2010 22:00', 'd M yyyy HH:mm'), 0, 1),
  (21, PARSEDATETIME('1 1 2010 23:00', 'd M yyyy HH:mm'), PARSEDATETIME('1 1 2010 23:00', 'd M yyyy HH:mm'), 0, 1),
  (22, PARSEDATETIME('1 1 2011 01:00', 'd M yyyy HH:mm'), PARSEDATETIME('1 1 2011 01:00', 'd M yyyy HH:mm'), 0, 1),
  (23, PARSEDATETIME('1 1 2011 02:00', 'd M yyyy HH:mm'), PARSEDATETIME('1 1 2011 02:00', 'd M yyyy HH:mm'), 0, 1),
  (24, PARSEDATETIME('1 1 2012 02:00', 'd M yyyy HH:mm'), PARSEDATETIME('1 1 2012 02:00', 'd M yyyy HH:mm'), 0, 1),
  (25, PARSEDATETIME('1 1 2013 02:00', 'd M yyyy HH:mm'), PARSEDATETIME('1 1 2013 02:00', 'd M yyyy HH:mm'), 0, 1),
  (26, PARSEDATETIME('1 1 2014 02:00', 'd M yyyy HH:mm'), PARSEDATETIME('1 1 2014 02:00', 'd M yyyy HH:mm'), 0, 1);
  
insert into 
  ForumPost (id, topic_id, content)
values 
  (11, 1, '<p>Lorem ipsum dolor sit amet, consectetur adipiscing elit. Morbi eu iaculis mi, et fringilla nulla. Integer ut imperdiet lacus. In in massa eget lacus tincidunt aliquet auctor ut enim. Praesent rutrum leo eu sem feugiat, non dignissim lorem vulputate. Nam fermentum euismod sapien, et cursus mi pretium quis.</p>'),
  (12, 3, '<p>Replyless</p>'),
  (13, 4, '<p>With one reply</p>'),
  (14, 4, '<p>Re: With one reply</p>'),
  (15, 5, '<p>With two replies</p>'),
  (16, 5, '<p>Re: With two replies</p>'),
  (17, 5, '<p>Re: With two replies</p>'),
  (18, 6, '<p>With three replies</p>'),
  (19, 6, '<p>Re: With three replies</p>'),
  (20, 6, '<p>Re: With three replies</p>'),
  (21, 6, '<p>Re: With three replies</p>'),
  (22, 7, '<p>Immutable</p>'),
  (23, 7, '<p>Re: Immutable</p>'),
  (24, 8, '<p>Re: Fat hag dwarves</p>'),
  (25, 8, '<p>Re: Fat hag dwarves quickly zap jinx mob</p>'),
  (26, 9, '<p>Re: , </p>');
  
insert into 
  Publication (id, license, name, published, urlName, creator_id, defaultImage_id, forumTopic_id, modifier_id, language_id, price, weight, depth, height, width, created, modified, description)
values 
  (1, 'http://creativecommons.org/licenses/by-sa/3.0', 'Fat hag dwarves quickly zap jinx mob', true, 'testbook_1', 2, null, 8, 2, (select id from Language where iso2 = 'en'), 10, 1,2,3,4, PARSEDATETIME('1 1 2012', 'd M yyyy'), PARSEDATETIME('1 1 2012', 'd M yyyy'), 'Fat hag dwarves quickly zap jinx mob'),  
  (2, 'http://www.example.com/custom/license', ', ,     ()  ', true, 'testbook_2', 2, null, 9, 2, (select id from Language where iso2 = 'en'), 10, 1,2,3,4, PARSEDATETIME('1 1 2013', 'd M yyyy'), PARSEDATETIME('1 1 2013', 'd M yyyy'), ', ,     ()  '),
  (3, 'http://creativecommons.org/licenses/by-nc/3.0', 'Beowulf pohti zuluja ja ngstrm-yksikk katsellessaan Q-stone- ja CMX-yhtyeit videolta.', true, 'pangram_fi', 2, null, 10, 2, (select id from Language where iso2 = 'fi'), 7.5, 10, 10, 10, 10, PARSEDATETIME('1 1 2014', 'd M yyyy'), PARSEDATETIME('1 1 2014', 'd M yyyy'), 'Beowulf pohti zuluja ja ngstrm-yksikk katsellessaan Q-stone- ja CMX-yhtyeit videolta.');

insert into 
  PublicationImage (id, created, modified, creator_id, modifier_id, publication_id, contentType, content)
values 
  (1, PARSEDATETIME('1 1 2012', 'd M yyyy'), PARSEDATETIME('1 1 2012', 'd M yyyy'), 2, 2, 1, 'image/jpeg', X'ffd8ffe000104a46494600010101012c012c0000ffe10be64578696600004d4d002a000000080007011200030000000100010000011a00050000000100000062011b0005000000010000006a012800030000000100020000013100020000000b0000007201320002000000140000007e876900040000000100000092000000d40000012c000000010000012c0000000147494d5020322e382e360000323031343a30343a32332030373a30333a3535000005900000070000000430323130a00000070000000430313030a00100030000000100010000a002000400000001000000c8a003000400000001000000b7000000000006010300030000000100060000011a00050000000100000122011b0005000000010000012a012800030000000100020000020100040000000100000132020200040000000100000aac0000000000000048000000010000004800000001ffd8ffe000104a46494600010100000100010000ffdb00430050373c463c32504641465a55505f78c882786e6e78f5afb991c8ffffffffffffffffffffffffffffffffffffffffffffffffffffffffffffffffffffffffffffffdb004301555a5a786978eb8282ebffffffffffffffffffffffffffffffffffffffffffffffffffffffffffffffffffffffffffffffffffffffffffffffffffffffffffffffc000110800a700b703012200021101031101ffc4001f0000010501010101010100000000000000000102030405060708090a0bffc400b5100002010303020403050504040000017d01020300041105122131410613516107227114328191a1082342b1c11552d1f02433627282090a161718191a25262728292a3435363738393a434445464748494a535455565758595a636465666768696a737475767778797a838485868788898a92939495969798999aa2a3a4a5a6a7a8a9aab2b3b4b5b6b7b8b9bac2c3c4c5c6c7c8c9cad2d3d4d5d6d7d8d9dae1e2e3e4e5e6e7e8e9eaf1f2f3f4f5f6f7f8f9faffc4001f0100030101010101010101010000000000000102030405060708090a0bffc400b51100020102040403040705040400010277000102031104052131061241510761711322328108144291a1b1c109233352f0156272d10a162434e125f11718191a262728292a35363738393a434445464748494a535455565758595a636465666768696a737475767778797a82838485868788898a92939495969798999aa2a3a4a5a6a7a8a9aab2b3b4b5b6b7b8b9bac2c3c4c5c6c7c8c9cad2d3d4d5d6d7d8d9dae2e3e4e5e6e7e8e9eaf2f3f4f5f6f7f8f9faffda000c03010002110311003f00407d69d51ed93d57f2a4c483b03408969bbb6c80ff00b269a2423a8228ff005878ed40135b8c2b7d71fa54a7a5321fb99f524d2c87087d4f14c0adfc44527dd901ec7834a3ae7d691c6578eb4fa00ac3069c9f771e9c527de50d9ebda88cf26a407d2c4332907b8a4a58b8947d0d0059a28a4a00456dc4fa0a7520c76a5a0028a293b9a0041d4d3a9077a5a0029a3ef139ec05293804d449e9ead401301814514500671723d0fd09a50643f779fc41a969081d40e6818d0d2778cd3d0e43310463a51b8e376e34ec1f954f52726800c1585867a714c77df18fa7eb5237dddbead519032cc3eea7f3a62065c05f6e2929fc32fd698460e0d500d8c0f997d0d397effe14d1f2ca0faf14ee8d52c07d03efafd69acdb464d08af21c93b57b5202de4671de900ea4f535181b4753f89a4190bc360fb5004c0606296a25978c9e47a8a96800a407233413fad2d0020ef4b49de96801adce07ad32307cc39e833fafff005a9fc6e2c4f1d29c2800a2918e071d68a00a8485c64d2d203f3ae4679c539210a32dcfb76a06323219b1c601c9a70605b79e067029cab1b0c0503f0a6a42a304e703d6801c4f05fb9fbb4f0988b69fc6990fce777f0af0296673f747738a62234383b695c719a197b8a4cee53ed54031c7cb9ee39a7039c11de90f22914fee87e552c07850ed93f757f53526e34d0005dbd4514803a734e4eb4c670bf5a679ded40164003a52c670767e22abacd938e952124e08fbcb4013e39cd2d22e768cf5c52d0035b8707d8d29e052367e5faf34ea00638c44453c74a6c9c21a527e5a003a907b0a291d822ff21450055419907d6a7c76ed50c5feb0f3f854bc7419eb40c8c29600742bc669eca704939c0e94b8e723f1a53c8c50057569238fcc38e7b7ad2b1c953ed9fce9d2e1e3d8bc9ed4d906180f45029a11253186d3b80fad2a1c8c7714eaa021149160803dc9a3eeb914c46d849a96058cf38c54723e3814c3231f6a6d201caa58d4c2d323249a640406e6af8e94019d245e59a512e17919ab171866c0a54b75dbcd00491b6f8d5bd453aa386331295ce46722a4a0043d29690f434018a004619207bd0bca2d3bbd373b63fc2802263ba43e83814534650e1fa9ef4532d0c87fd71fc6a7c0c9f5aac870cc7b75a9c48093814891c7a544ee4640e4d399fd3eb9a646430f72fcfbd004b147b17d4f7a89c67e6ab150f51548445d391535427a53d55f197240ec051702295bf7981e94ca9650aa3818c9a4813736f2320741eb520464103241028abad82b8350b44872470680210706a513b018cd33ca6f6fce8f29fd07e7400e5932f935751c30ace2aebd54d4b6f27ef40cd005e3494514008dca9a514119a0734009fc79f6a1802a41a504127da9ad220c82c3e9401046de62ed71cd15193b30d8e07f2a29944e403dbbd1b1718c52d07a5210df2d3fba291d3a15e08e869f41200c9a0011f23e6e0f715087c96080b73c50ecb2636f23b9a9005e36f007a517111aa6d6dce416ec3d295892c3d69cc72699d013de802195b2c7daaca011c6a3daaaa8dcea3d4d5a6eb40099e6a292421b038a930339f4a8e55248205002c4c581cd3ce7b1c53635dabcf5a479369c0eb40126ec734144906e1f2b7a8eb4c8df7039ed4f06801f1484111c9f7bb1f5a9aa0203af3d453a2909043fde5fd68025a2807201a28022de4332ae339cf351afde3b860f5a571be46c71b7f5346eca86ee3ad343108ec68a5c8070dd3b1a2980f1d39a3b52d15203471927a7ad3154484b3723b0a73fcc76f61c9a13a50214608f97814d2c4e4118a731c0a6500149d6968a04418db30fad4f4c7c1c7a834fa062020f4a296928011ce149a8304826a693ee9a89180c83d0d003e1230477a96ab1183c1a9d4ee506810f53834487690e3a8fd45252b1c8140cb0082011d0d23305527d05456cdc14cfdd34e9bee607f11c500471719cf53c9a43f2bfb1e0d2affac61ec2958656a8620195da7a8a2909db86edd0d140121381934d66d8b93c9cd3aa39ff00817d4d4807afb9c9a70202839a809da1cf61d2a68c010ae7d3340818e4fb53480460d2d2119a005a8a3387606a5a8243b65045004ac320d3a9072296800a28a2810544d1024ed383e95231da3268041e868195981538618a7c726de3a8a9880c304546611db8a007ab061914ea6226c1ef4fa0420e0e4707d6a5dfbf9f4ed51d00ed607b74342180ff005df5069fea2987fd6afd4d3f387fa8aa188bdc1a2871de8a0071e78a87efb97ec3815237caa5bb814d036a2afa0a906453f098f5a981c44bf4a8273dbdaa443945fa5021d4d63b4669d4c93ee9a007d4538f941f434f8db72d2b2ee523d6801b11ca63d29f557953b4f514f5948ebcd004d4b51f9a3d0d2198761408908c8c1a81a364395e47f2a0c8c7bd264e08cf5a063926ec6a55756e86ab9191480faf5a00b745409211c1e454c0e466810b4633c1ef4503ad031a80b3293d89cd48fd6900c4cdee3343f5aa18e1f30a29aa7068a00593fd591eb48dd689380a3de90d48995a5396269d049c6c3f8546fd0d201f2fbd005bdc3d45432be781d0533f84376a6939e05004f07434f660b8cd3611f29a26195cfa5002c881d78ebd8d5707b1eb52c4fced3f8524c9cee1d2801941a419e8696800a28a5009190280128ee334628a005230714f89bf84fe151e72307a8fe545005aa298ae0a64f6a1c9c00a393dfd280099ff0078bb79352375a8c460291d49ea69431030dd40ebeb4d00ea2abbb97e070b453b8c9d9b7487d178a6c8d84fad145488ae46452d1450022b00c437dd3530887af145140120000c0a493ee37d28a2802b8192077ab08d9c83d475a28a0063459e56a320a9c1a28a042a26efa54e0003028a28002011cd432205231d28a28008e3def8ce3e5cd35815620f5145140c9625c2f3de9e060628a28016a099b736dec28a2801945145007fffd9ffe106a2687474703a2f2f6e732e61646f62652e636f6d2f7861702f312e302f003c3f787061636b657420626567696e3d27efbbbf272069643d2757354d304d7043656869487a7265537a4e54637a6b633964273f3e0a3c783a786d706d65746120786d6c6e733a783d2761646f62653a6e733a6d6574612f273e0a3c7264663a52444620786d6c6e733a7264663d27687474703a2f2f7777772e77332e6f72672f313939392f30322f32322d7264662d73796e7461782d6e7323273e0a0a203c7264663a4465736372697074696f6e20786d6c6e733a786d703d27687474703a2f2f6e732e61646f62652e636f6d2f7861702f312e302f273e0a20203c786d703a43726561746f72546f6f6c3e41646f62652050686f746f73686f7020435335204d6163696e746f73683c2f786d703a43726561746f72546f6f6c3e0a20203c786d703a437265617465446174653e323031332d30392d30325431363a33393a31352b30333a30303c2f786d703a437265617465446174653e0a20203c786d703a4d65746164617461446174653e323031332d30392d31365431343a33383a30392b30333a30303c2f786d703a4d65746164617461446174653e0a20203c786d703a4d6f64696679446174653e323031332d30392d31365431343a33383a30392b30333a30303c2f786d703a4d6f64696679446174653e0a203c2f7264663a4465736372697074696f6e3e0a0a203c7264663a4465736372697074696f6e20786d6c6e733a64633d27687474703a2f2f7075726c2e6f72672f64632f656c656d656e74732f312e312f273e0a20203c64633a666f726d61743e696d6167652f6a7065673c2f64633a666f726d61743e0a203c2f7264663a4465736372697074696f6e3e0a0a203c7264663a4465736372697074696f6e20786d6c6e733a786d704d4d3d27687474703a2f2f6e732e61646f62652e636f6d2f7861702f312e302f6d6d2f273e0a20203c786d704d4d3a496e7374616e636549443e786d702e6969643a30363830313137343037323036383131383843363943413339333941313837423c2f786d704d4d3a496e7374616e636549443e0a20203c786d704d4d3a4f726967696e616c446f63756d656e7449443e786d702e6469643a30313830313137343037323036383131393130394643433541433745463231423c2f786d704d4d3a4f726967696e616c446f63756d656e7449443e0a20203c786d704d4d3a496e7374616e636549443e786d702e6969643a30363830313137343037323036383131383843363943413339333941313837423c2f786d704d4d3a496e7374616e636549443e0a20203c786d704d4d3a446f63756d656e744944207264663a7265736f757263653d27786d702e6469643a303138303131373430373230363831313931303946434335414337454632314227202f3e0a20203c786d704d4d3a4f726967696e616c446f63756d656e7449443e786d702e6469643a30313830313137343037323036383131393130394643433541433745463231423c2f786d704d4d3a4f726967696e616c446f63756d656e7449443e0a20203c786d704d4d3a486973746f72793e0a2020203c7264663a5365713e0a2020203c2f7264663a5365713e0a20203c2f786d704d4d3a486973746f72793e0a20203c786d704d4d3a4465726976656446726f6d207264663a7061727365547970653d275265736f75726365273e0a20203c2f786d704d4d3a4465726976656446726f6d3e0a203c2f7264663a4465736372697074696f6e3e0a0a203c7264663a4465736372697074696f6e20786d6c6e733a70686f746f73686f703d27687474703a2f2f6e732e61646f62652e636f6d2f70686f746f73686f702f312e302f273e0a20203c70686f746f73686f703a436f6c6f724d6f64653e333c2f70686f746f73686f703a436f6c6f724d6f64653e0a20203c70686f746f73686f703a49434350726f66696c653e735247422049454336313936362d322e313c2f70686f746f73686f703a49434350726f66696c653e0a20203c70686f746f73686f703a446f63756d656e74416e636573746f72733e0a2020203c7264663a5365713e0a202020203c7264663a6c693e786d702e6469643a30313830313137343037323036383131393130394643433541433745463231423c2f7264663a6c693e0a2020203c2f7264663a5365713e0a20203c2f70686f746f73686f703a446f63756d656e74416e636573746f72733e0a203c2f7264663a4465736372697074696f6e3e0a0a3c2f7264663a5244463e0a3c2f783a786d706d6574613e0a3c3f787061636b657420656e643d2772273f3e0affe20c584943435f50524f46494c4500010100000c484c696e6f021000006d6e74725247422058595a2007ce00020009000600310000616373704d5346540000000049454320735247420000000000000000000000010000f6d6000100000000d32d4850202000000000000000000000000000000000000000000000000000000000000000000000000000000000000000000000001163707274000001500000003364657363000001840000006c77747074000001f000000014626b707400000204000000147258595a00000218000000146758595a0000022c000000146258595a0000024000000014646d6e640000025400000070646d6464000002c400000088767565640000034c0000008676696577000003d4000000246c756d69000003f8000000146d6561730000040c0000002474656368000004300000000c725452430000043c0000080c675452430000043c0000080c625452430000043c0000080c7465787400000000436f70797269676874202863292031393938204865776c6574742d5061636b61726420436f6d70616e790000646573630000000000000012735247422049454336313936362d322e31000000000000000000000012735247422049454336313936362d322e31000000000000000000000000000000000000000000000000000000000000000000000000000000000000000000000000000058595a20000000000000f35100010000000116cc58595a200000000000000000000000000000000058595a200000000000006fa2000038f50000039058595a2000000000000062990000b785000018da58595a2000000000000024a000000f840000b6cf64657363000000000000001649454320687474703a2f2f7777772e6965632e636800000000000000000000001649454320687474703a2f2f7777772e6965632e63680000000000000000000000000000000000000000000000000000000000000000000000000000000000000000000064657363000000000000002e4945432036313936362d322e312044656661756c742052474220636f6c6f7572207370616365202d207352474200000000000000000000002e4945432036313936362d322e312044656661756c742052474220636f6c6f7572207370616365202d20735247420000000000000000000000000000000000000000000064657363000000000000002c5265666572656e63652056696577696e6720436f6e646974696f6e20696e2049454336313936362d322e3100000000000000000000002c5265666572656e63652056696577696e6720436f6e646974696f6e20696e2049454336313936362d322e31000000000000000000000000000000000000000000000000000076696577000000000013a4fe00145f2e0010cf140003edcc0004130b00035c9e0000000158595a2000000000004c09560050000000571fe76d6561730000000000000001000000000000000000000000000000000000028f0000000273696720000000004352542063757276000000000000040000000005000a000f00140019001e00230028002d00320037003b00400045004a004f00540059005e00630068006d00720077007c00810086008b00900095009a009f00a400a900ae00b200b700bc00c100c600cb00d000d500db00e000e500eb00f000f600fb01010107010d01130119011f0125012b01320138013e0145014c0152015901600167016e0175017c0183018b0192019a01a101a901b101b901c101c901d101d901e101e901f201fa0203020c0214021d0226022f02380241024b0254025d02670271027a0284028e029802a202ac02b602c102cb02d502e002eb02f50300030b03160321032d03380343034f035a03660372037e038a039603a203ae03ba03c703d303e003ec03f9040604130420042d043b0448045504630471047e048c049a04a804b604c404d304e104f004fe050d051c052b053a05490558056705770586059605a605b505c505d505e505f6060606160627063706480659066a067b068c069d06af06c006d106e306f507070719072b073d074f076107740786079907ac07bf07d207e507f8080b081f08320846085a086e0882089608aa08be08d208e708fb09100925093a094f09640979098f09a409ba09cf09e509fb0a110a270a3d0a540a6a0a810a980aae0ac50adc0af30b0b0b220b390b510b690b800b980bb00bc80be10bf90c120c2a0c430c5c0c750c8e0ca70cc00cd90cf30d0d0d260d400d5a0d740d8e0da90dc30dde0df80e130e2e0e490e640e7f0e9b0eb60ed20eee0f090f250f410f5e0f7a0f960fb30fcf0fec1009102610431061107e109b10b910d710f511131131114f116d118c11aa11c911e81207122612451264128412a312c312e31303132313431363138313a413c513e5140614271449146a148b14ad14ce14f01512153415561578159b15bd15e0160316261649166c168f16b216d616fa171d17411765178917ae17d217f7181b18401865188a18af18d518fa19201945196b199119b719dd1a041a2a1a511a771a9e1ac51aec1b141b3b1b631b8a1bb21bda1c021c2a1c521c7b1ca31ccc1cf51d1e1d471d701d991dc31dec1e161e401e6a1e941ebe1ee91f131f3e1f691f941fbf1fea20152041206c209820c420f0211c2148217521a121ce21fb22272255228222af22dd230a23382366239423c223f0241f244d247c24ab24da250925382568259725c725f726272657268726b726e827182749277a27ab27dc280d283f287128a228d429062938296b299d29d02a022a352a682a9b2acf2b022b362b692b9d2bd12c052c392c6e2ca22cd72d0c2d412d762dab2de12e162e4c2e822eb72eee2f242f5a2f912fc72ffe3035306c30a430db3112314a318231ba31f2322a3263329b32d4330d3346337f33b833f1342b3465349e34d83513354d358735c235fd3637367236ae36e937243760379c37d738143850388c38c839053942397f39bc39f93a363a743ab23aef3b2d3b6b3baa3be83c273c653ca43ce33d223d613da13de03e203e603ea03ee03f213f613fa23fe24023406440a640e74129416a41ac41ee4230427242b542f7433a437d43c044034447448a44ce45124555459a45de4622466746ab46f04735477b47c04805484b489148d7491d496349a949f04a374a7d4ac44b0c4b534b9a4be24c2a4c724cba4d024d4a4d934ddc4e254e6e4eb74f004f494f934fdd5027507150bb51065150519b51e65231527c52c75313535f53aa53f65442548f54db5528557555c2560f565c56a956f75744579257e0582f587d58cb591a596959b85a075a565aa65af55b455b955be55c355c865cd65d275d785dc95e1a5e6c5ebd5f0f5f615fb36005605760aa60fc614f61a261f56249629c62f06343639763eb6440649464e9653d659265e7663d669266e8673d679367e9683f689668ec6943699a69f16a486a9f6af76b4f6ba76bff6c576caf6d086d606db96e126e6b6ec46f1e6f786fd1702b708670e0713a719571f0724b72a67301735d73b87414747074cc7528758575e1763e769b76f8775677b37811786e78cc792a798979e77a467aa57b047b637bc27c217c817ce17d417da17e017e627ec27f237f847fe5804780a8810a816b81cd8230829282f4835783ba841d848084e3854785ab860e867286d7873b879f8804886988ce8933899989fe8a648aca8b308b968bfc8c638cca8d318d988dff8e668ece8f368f9e9006906e90d6913f91a89211927a92e3934d93b69420948a94f4955f95c99634969f970a977597e0984c98b89924999099fc9a689ad59b429baf9c1c9c899cf79d649dd29e409eae9f1d9f8b9ffaa069a0d8a147a1b6a226a296a306a376a3e6a456a4c7a538a5a9a61aa68ba6fda76ea7e0a852a8c4a937a9a9aa1caa8fab02ab75abe9ac5cacd0ad44adb8ae2daea1af16af8bb000b075b0eab160b1d6b24bb2c2b338b3aeb425b49cb513b58ab601b679b6f0b768b7e0b859b8d1b94ab9c2ba3bbab5bb2ebba7bc21bc9bbd15bd8fbe0abe84beffbf7abff5c070c0ecc167c1e3c25fc2dbc358c3d4c451c4cec54bc5c8c646c6c3c741c7bfc83dc8bcc93ac9b9ca38cab7cb36cbb6cc35ccb5cd35cdb5ce36ceb6cf37cfb8d039d0bad13cd1bed23fd2c1d344d3c6d449d4cbd54ed5d1d655d6d8d75cd7e0d864d8e8d96cd9f1da76dafbdb80dc05dc8add10dd96de1cdea2df29dfafe036e0bde144e1cce253e2dbe363e3ebe473e4fce584e60de696e71fe7a9e832e8bce946e9d0ea5beae5eb70ebfbec86ed11ed9cee28eeb4ef40efccf058f0e5f172f1fff28cf319f3a7f434f4c2f550f5def66df6fbf78af819f8a8f938f9c7fa57fae7fb77fc07fc98fd29fdbafe4bfedcff6dffffffdb00430050373c463c32504641465a55505f78c882786e6e78f5afb991c8ffffffffffffffffffffffffffffffffffffffffffffffffffffffffffffffffffffffffffffffdb004301555a5a786978eb8282ebffffffffffffffffffffffffffffffffffffffffffffffffffffffffffffffffffffffffffffffffffffffffffffffffffffffffffffffc200110800b700c803011100021101031101ffc40017000003010000000000000000000000000000010203ffc4001501010100000000000000000000000000000001ffda000c0301000210031000000148c04334208a202800d404300010c043300018cd0cc9a4540303500000000020b3054302d190aac0700c0d443000000112598a83829a252c40286324d400a0000010c0c9410c6894b19228605000c650008621818a80228a455204950c602280a1808621818ad92324d122810822c4492059a1402188625c8d09288251d512208a200d9526451b0000088592c604824d50198a0019baa1252b40000442c9a01208ea00a3280620181a1aaa400000c964b01250549254414592480846e5000008c96c000480864906c2200b10c46a0004094aa800044a512224d0448142194234003257415008408c40220d0000c86680302c445a015008494210012508008028a011a92b3401501209448800450001988658c450ed9188a89252800404960000211006a00359aa11510080c000c8d404311250c4300105b401128806324a33194301124145140002b680225108b1106823218c04002194580005a0e126649a0883510198c0000000b28082ed4381332462036200448c0000000d04312c96819880a28a2093411032c649051268303311ffc4001e10000104030101010000000000000000000100101120303141022140ffda000801010001050273aeaf4c29dc9f5a58316ea0ddcb2a5bb3f7ae328da8a060e2b2a72f18edbadac5ca415d41173801a9bf50bcb841fa8b15d78fa2a28022186edd1bc8104500a2dcd21b6282368a838034b7468a2d08af2f0a1416f3aac8a430f88add89429aca1ce86d8a0d2fac7151ba8a063a193b60e58a1f848b061b73a42a2f0a2a175cb79af6b383b42bce9ba8a9aeda54d45385797ed254d853ac748b4a97947107eb1636282233f69b50c5e2f1f285bfffc40014110100000000000000000000000000000090ffda0008010301013f010fff00ffc40014110100000000000000000000000000000090ffda0008010201013f010fff00ffc4001c1000020105010000000000000000000000114001102131506070ffda0008010100063f02e37152c862efc292ccedcf283d9fffc4002510000202020203000203010100000000000001101121312041516171308191a1b1d1e1ffda0008010100013f219d86e3a47650b50bfccb79e2b4a7b8f833e20f284cafdc3e685a348c6690b5fc6b55ee2feff11a8a9b551d899bfed0f46d5cbb51df17a97e0ffa450aad32fd05bbad1d18f6c7b6c71d90b7179a59137d96b12778e7db12ae1ab1e29e4bc22b286369d0ec79c0a859656458f90a143c419e0bcd5192f05bd90b1909dbdb32c098cd0f62d7b7c2cda2c5ee7b8d27bfdc5bcfd2d6fa1bc1bd0f5068e87a16a4fc25acd9f16874375e450efe9465736f914347536ec424c70ed67df1ec5a46d9c1ea6e8aa4ddb8598f22c4ec3607c44d1f27815d32b8a5edee4b71dc365d4d97f867ebf816c562c4ce8937ad987b7140c6938dfca3f7175bc0d6bc51ee1ffec514f052a3a1e874a8ce98f62c6a36fe9a8c835cda786537b5af0276ad704de90b93aec4edecd28c066b2bd8a3742ca1337b5aecbd7b9edb45e2cf4e7b1bcd22a8d4b57ca7966d28c5ff00486a666869fd36abc4bc09661f0aae25b1aa1ae11e5e23548ec33bb9ec438ec7a1651e38f80be84e9f07ac31ecd91b5518397d0d9667b97a1fae6d18d90aef83742ff2763dc755e4eecd5fde3ae5b274c4ef97b16a3d9d42cb6ff4686cfb3da374c5c163a1f04c2e2fee311d0b088d4eca5b83568d619658b72695b34c38d833713a76507e11d1b5096bf02d7c86b96ef0fe471a46c216e14dbae225653e08b1db75d158a2eb0c6efe0ddfc0de258abe8549ade04ec7e03542562550d4696a2b152d6ea3ffda000c03010002000300000010b6dabf64da6db6db6da4d257f4db6d369269b4410bdd9349a6da6db680a707b26d26da69a4d100b2b6e9b6d34da4d304939fe920534db49a449226dba28269b6d2441043ff0064c329369a6d9008db649064b2d34da000ebec9241345a69ae087576d36934db4d274805ecdb4d86da6db5010404d34d941a49b7480494906800404536c12484900116d000b68920129149a0034882902412922d240025b402a4821240140a2102002c121968a2c804b4c005804a08b01b2000d200ae0169b2c96824934406c90926d06da0da09a49ca936d82d22082124904fffc4001b11010002020300000000000000000000000120400060105070ffda0008010301013f10915de0aeef0593b220da70f2622e9ad66055ffc4001b11010100030003000000000000000000000140101150003060ffda0008010201013f10f434b398672932cc6598cbce292930b46f927d1949d3df4c7c6affc400261001000202010401040301000000000000010011213110415161718120a1b1c191d1f0e1ffda0008010100013f101efcfd845051ea7e17f7c689b3dcfe0ea25a9dc8ac3c1b077473400dbf4fdb1c866f80fcc0ad4f4ff32cedfc303a71ee210ef3155a57eb8b3e03f73447c03860acbf69f938c57dfe39a2efaf2e08641868f5c2d0af496b2db47f7c2cecf718767ed2dd92914b5e84144efa2ffbe261ac0b3f70b0b7cbdb2aacf30db2186d3678ba4f30d4dd3a1b808b7d7e8d9ce6794574ed7f75716ecbf982d83c39251eb7fbd4adf0026ddcb61be807fdf8812fa9961cdf4e35ec3367ae1bd157889a4856a9858aa6ba388aee5d6794c9e381b2f82d4d51440b5758e0b9d38bb5b466583af6fdc5156f44a211a32faffb2c23d4c278894d4d2f4710a82b0997ed0e20f6f78bbe950572d9de13231dc3ab5e3808676ef856a3d18b45c6f971c741dd8da81ab609c8b3706b3e1de36d5bae9a961a10c1181ee0f88c68e9d7f12ac3373d4eaf6cc50cb5572e5cef37d3c72627ac6989443edf1c817ce77fa897345f73f3c1a1773340dc005d159fe650abbaa232c14e457a9a92ae9dfba8fe0fe2656bb59764dcd97b3325ea65fe35c5d16b15c6117baac147492979212e0a5e6b6ee5719d0eb16c798c00dfd8417b75fd4c2fa899e681728743bca2bc8182604601511e6bbf155a7cc5b7ea3bf822d2ab89ac6a1b600c99819129bc43436b0395aaf706e2587b0cfb622f84c111ef7fa8b968662094eb84aa0b7b45a95d920f52205912c4974424626f7c2a81768385c272caeb34df2d62fbe381ca7696c7b0a8d569d8ff00737f8b9e218288aaaaed704cae6b513a225353ef9168b62da7a2dcea1d5815aaa0df033ac5ae65605d4112ce5ca1c1b78429e958dea50f720a00fbc71ad66b30938bc3f0f59f6d73609a1ee52abfe501be4dac4587625258b5d78222b3125acd55cb744f99fe07fa88683d1965415e65839719ab785659de218adf6960b0c0d3c4727fc94ec4f0a2d4a2bb44f60d3084b4dc4c429ddfd401acbbbde0d2f623647745051c214311d53c161bccb155fb26c17ae0c92c7e810018b5bf6c68a25236fcc4a6b92ab1d78444a40cfad7d21d455f31c189a041e8662db28b1ea4d11417de00b65a04df1d062a9b9a7ee52a99e8e517000f7da46c0f4dcd3d0e8c35aae3a0b8c86abcac156e5eeb14a296f4c45b78a9152f5f4a6e9a79566621568cfec71e0821a439a730ca3a80b56f0e55165196576ca2ed33174fa2829d6f800d1512c8f6ef181bd465e3a32a53b3874c54d76ae0882699f269f6cc59f786c19743bb0f037716cbd03ef2d6a6e2a38cdbb468937150f722239dd3f4a0d8b3b4b57e12a183659c2589de355acd0ca25eda9a3e9958481628cf8a2a144a742a327d0c472caf8cf582d1313d9f5264cc273bef3c911015be76532cb5b3ef31f6fda1b1f330b47f98eceeb3ea27a026490e57e8ddeef9df09654c41074dfd5749d987d33ec1fd4c0be2398db5d37323ef4f51538f9038bc706be043a0712ef5ca0db1627f9894e567980f8e8c070e1fa006c749505e5d31378fa45a4f6cc1e8a2c0ef17f25f0e49458e9c130ca575208d353cd14ebf42753851a5c73a20837ad315b0c45abb54dabb4575ed1a84181b875dd2f30d3d46976a7be3507a3be1fa40b3afe1c50a767034dcad551ac35369adc781dd38db3be0ba9d62d40bede0523de5f96cd4a95ab1fb42cf2728a8896c78ba6c8e87a31537298ecc3d13abcca68c428134618eff00096274c3e65178e605130aaddc237aea81e4f1a0798146892a5fc2417384454c65500638345acc3afa635ec56902da268e5e2471ffd9'),
  (2, PARSEDATETIME('1 1 2012', 'd M yyyy'), PARSEDATETIME('1 1 2012', 'd M yyyy'), 2, 2, 2, 'image/jpeg', X'ffd8ffe000104a46494600010101012c012c0000ffe10be64578696600004d4d002a000000080007011200030000000100010000011a00050000000100000062011b0005000000010000006a012800030000000100020000013100020000000b0000007201320002000000140000007e876900040000000100000092000000d40000012c000000010000012c0000000147494d5020322e382e360000323031343a30343a32332030373a30333a3535000005900000070000000430323130a00000070000000430313030a00100030000000100010000a002000400000001000000c8a003000400000001000000b7000000000006010300030000000100060000011a00050000000100000122011b0005000000010000012a012800030000000100020000020100040000000100000132020200040000000100000aac0000000000000048000000010000004800000001ffd8ffe000104a46494600010100000100010000ffdb00430050373c463c32504641465a55505f78c882786e6e78f5afb991c8ffffffffffffffffffffffffffffffffffffffffffffffffffffffffffffffffffffffffffffffdb004301555a5a786978eb8282ebffffffffffffffffffffffffffffffffffffffffffffffffffffffffffffffffffffffffffffffffffffffffffffffffffffffffffffffc000110800a700b703012200021101031101ffc4001f0000010501010101010100000000000000000102030405060708090a0bffc400b5100002010303020403050504040000017d01020300041105122131410613516107227114328191a1082342b1c11552d1f02433627282090a161718191a25262728292a3435363738393a434445464748494a535455565758595a636465666768696a737475767778797a838485868788898a92939495969798999aa2a3a4a5a6a7a8a9aab2b3b4b5b6b7b8b9bac2c3c4c5c6c7c8c9cad2d3d4d5d6d7d8d9dae1e2e3e4e5e6e7e8e9eaf1f2f3f4f5f6f7f8f9faffc4001f0100030101010101010101010000000000000102030405060708090a0bffc400b51100020102040403040705040400010277000102031104052131061241510761711322328108144291a1b1c109233352f0156272d10a162434e125f11718191a262728292a35363738393a434445464748494a535455565758595a636465666768696a737475767778797a82838485868788898a92939495969798999aa2a3a4a5a6a7a8a9aab2b3b4b5b6b7b8b9bac2c3c4c5c6c7c8c9cad2d3d4d5d6d7d8d9dae2e3e4e5e6e7e8e9eaf2f3f4f5f6f7f8f9faffda000c03010002110311003f00407d69d51ed93d57f2a4c483b03408969bbb6c80ff00b269a2423a8228ff005878ed40135b8c2b7d71fa54a7a5321fb99f524d2c87087d4f14c0adfc44527dd901ec7834a3ae7d691c6578eb4fa00ac3069c9f771e9c527de50d9ebda88cf26a407d2c4332907b8a4a58b8947d0d0059a28a4a00456dc4fa0a7520c76a5a0028a293b9a0041d4d3a9077a5a0029a3ef139ec05293804d449e9ead401301814514500671723d0fd09a50643f779fc41a969081d40e6818d0d2778cd3d0e43310463a51b8e376e34ec1f954f52726800c1585867a714c77df18fa7eb5237dddbead519032cc3eea7f3a62065c05f6e2929fc32fd698460e0d500d8c0f997d0d397effe14d1f2ca0faf14ee8d52c07d03efafd69acdb464d08af21c93b57b5202de4671de900ea4f535181b4753f89a4190bc360fb5004c0606296a25978c9e47a8a96800a407233413fad2d0020ef4b49de96801adce07ad32307cc39e833fafff005a9fc6e2c4f1d29c2800a2918e071d68a00a8485c64d2d203f3ae4679c539210a32dcfb76a06323219b1c601c9a70605b79e067029cab1b0c0503f0a6a42a304e703d6801c4f05fb9fbb4f0988b69fc6990fce777f0af0296673f747738a62234383b695c719a197b8a4cee53ed54031c7cb9ee39a7039c11de90f22914fee87e552c07850ed93f757f53526e34d0005dbd4514803a734e4eb4c670bf5a679ded40164003a52c670767e22abacd938e952124e08fbcb4013e39cd2d22e768cf5c52d0035b8707d8d29e052367e5faf34ea00638c44453c74a6c9c21a527e5a003a907b0a291d822ff21450055419907d6a7c76ed50c5feb0f3f854bc7419eb40c8c29600742bc669eca704939c0e94b8e723f1a53c8c50057569238fcc38e7b7ad2b1c953ed9fce9d2e1e3d8bc9ed4d906180f45029a11253186d3b80fad2a1c8c7714eaa021149160803dc9a3eeb914c46d849a96058cf38c54723e3814c3231f6a6d201caa58d4c2d323249a640406e6af8e94019d245e59a512e17919ab171866c0a54b75dbcd00491b6f8d5bd453aa386331295ce46722a4a0043d29690f434018a004619207bd0bca2d3bbd373b63fc2802263ba43e83814534650e1fa9ef4532d0c87fd71fc6a7c0c9f5aac870cc7b75a9c48093814891c7a544ee4640e4d399fd3eb9a646430f72fcfbd004b147b17d4f7a89c67e6ab150f51548445d391535427a53d55f197240ec051702295bf7981e94ca9650aa3818c9a4813736f2320741eb520464103241028abad82b8350b44872470680210706a513b018cd33ca6f6fce8f29fd07e7400e5932f935751c30ace2aebd54d4b6f27ef40cd005e3494514008dca9a514119a0734009fc79f6a1802a41a504127da9ad220c82c3e9401046de62ed71cd15193b30d8e07f2a29944e403dbbd1b1718c52d07a5210df2d3fba291d3a15e08e869f41200c9a0011f23e6e0f715087c96080b73c50ecb2636f23b9a9005e36f007a517111aa6d6dce416ec3d295892c3d69cc72699d013de802195b2c7daaca011c6a3daaaa8dcea3d4d5a6eb40099e6a292421b038a930339f4a8e55248205002c4c581cd3ce7b1c53635dabcf5a479369c0eb40126ec734144906e1f2b7a8eb4c8df7039ed4f06801f1484111c9f7bb1f5a9aa0203af3d453a2909043fde5fd68025a2807201a28022de4332ae339cf351afde3b860f5a571be46c71b7f5346eca86ee3ad343108ec68a5c8070dd3b1a2980f1d39a3b52d15203471927a7ad3154484b3723b0a73fcc76f61c9a13a50214608f97814d2c4e4118a731c0a6500149d6968a04418db30fad4f4c7c1c7a834fa062020f4a296928011ce149a8304826a693ee9a89180c83d0d003e1230477a96ab1183c1a9d4ee506810f53834487690e3a8fd45252b1c8140cb0082011d0d23305527d05456cdc14cfdd34e9bee607f11c500471719cf53c9a43f2bfb1e0d2affac61ec2958656a8620195da7a8a2909db86edd0d140121381934d66d8b93c9cd3aa39ff00817d4d4807afb9c9a70202839a809da1cf61d2a68c010ae7d3340818e4fb53480460d2d2119a005a8a3387606a5a8243b65045004ac320d3a9072296800a28a2810544d1024ed383e95231da3268041e868195981538618a7c726de3a8a9880c304546611db8a007ab061914ea6226c1ef4fa0420e0e4707d6a5dfbf9f4ed51d00ed607b74342180ff005df5069fea2987fd6afd4d3f387fa8aa188bdc1a2871de8a0071e78a87efb97ec3815237caa5bb814d036a2afa0a906453f098f5a981c44bf4a8273dbdaa443945fa5021d4d63b4669d4c93ee9a007d4538f941f434f8db72d2b2ee523d6801b11ca63d29f557953b4f514f5948ebcd004d4b51f9a3d0d2198761408908c8c1a81a364395e47f2a0c8c7bd264e08cf5a063926ec6a55756e86ab9191480faf5a00b745409211c1e454c0e466810b4633c1ef4503ad031a80b3293d89cd48fd6900c4cdee3343f5aa18e1f30a29aa7068a00593fd591eb48dd689380a3de90d48995a5396269d049c6c3f8546fd0d201f2fbd005bdc3d45432be781d0533f84376a6939e05004f07434f660b8cd3611f29a26195cfa5002c881d78ebd8d5707b1eb52c4fced3f8524c9cee1d2801941a419e8696800a28a5009190280128ee334628a005230714f89bf84fe151e72307a8fe545005aa298ae0a64f6a1c9c00a393dfd280099ff0078bb79352375a8c460291d49ea69431030dd40ebeb4d00ea2abbb97e070b453b8c9d9b7487d178a6c8d84fad145488ae46452d1450022b00c437dd3530887af145140120000c0a493ee37d28a2802b8192077ab08d9c83d475a28a0063459e56a320a9c1a28a042a26efa54e0003028a28002011cd432205231d28a28008e3def8ce3e5cd35815620f5145140c9625c2f3de9e060628a28016a099b736dec28a2801945145007fffd9ffe106a2687474703a2f2f6e732e61646f62652e636f6d2f7861702f312e302f003c3f787061636b657420626567696e3d27efbbbf272069643d2757354d304d7043656869487a7265537a4e54637a6b633964273f3e0a3c783a786d706d65746120786d6c6e733a783d2761646f62653a6e733a6d6574612f273e0a3c7264663a52444620786d6c6e733a7264663d27687474703a2f2f7777772e77332e6f72672f313939392f30322f32322d7264662d73796e7461782d6e7323273e0a0a203c7264663a4465736372697074696f6e20786d6c6e733a786d703d27687474703a2f2f6e732e61646f62652e636f6d2f7861702f312e302f273e0a20203c786d703a43726561746f72546f6f6c3e41646f62652050686f746f73686f7020435335204d6163696e746f73683c2f786d703a43726561746f72546f6f6c3e0a20203c786d703a437265617465446174653e323031332d30392d30325431363a33393a31352b30333a30303c2f786d703a437265617465446174653e0a20203c786d703a4d65746164617461446174653e323031332d30392d31365431343a33383a30392b30333a30303c2f786d703a4d65746164617461446174653e0a20203c786d703a4d6f64696679446174653e323031332d30392d31365431343a33383a30392b30333a30303c2f786d703a4d6f64696679446174653e0a203c2f7264663a4465736372697074696f6e3e0a0a203c7264663a4465736372697074696f6e20786d6c6e733a64633d27687474703a2f2f7075726c2e6f72672f64632f656c656d656e74732f312e312f273e0a20203c64633a666f726d61743e696d6167652f6a7065673c2f64633a666f726d61743e0a203c2f7264663a4465736372697074696f6e3e0a0a203c7264663a4465736372697074696f6e20786d6c6e733a786d704d4d3d27687474703a2f2f6e732e61646f62652e636f6d2f7861702f312e302f6d6d2f273e0a20203c786d704d4d3a496e7374616e636549443e786d702e6969643a30363830313137343037323036383131383843363943413339333941313837423c2f786d704d4d3a496e7374616e636549443e0a20203c786d704d4d3a4f726967696e616c446f63756d656e7449443e786d702e6469643a30313830313137343037323036383131393130394643433541433745463231423c2f786d704d4d3a4f726967696e616c446f63756d656e7449443e0a20203c786d704d4d3a496e7374616e636549443e786d702e6969643a30363830313137343037323036383131383843363943413339333941313837423c2f786d704d4d3a496e7374616e636549443e0a20203c786d704d4d3a446f63756d656e744944207264663a7265736f757263653d27786d702e6469643a303138303131373430373230363831313931303946434335414337454632314227202f3e0a20203c786d704d4d3a4f726967696e616c446f63756d656e7449443e786d702e6469643a30313830313137343037323036383131393130394643433541433745463231423c2f786d704d4d3a4f726967696e616c446f63756d656e7449443e0a20203c786d704d4d3a486973746f72793e0a2020203c7264663a5365713e0a2020203c2f7264663a5365713e0a20203c2f786d704d4d3a486973746f72793e0a20203c786d704d4d3a4465726976656446726f6d207264663a7061727365547970653d275265736f75726365273e0a20203c2f786d704d4d3a4465726976656446726f6d3e0a203c2f7264663a4465736372697074696f6e3e0a0a203c7264663a4465736372697074696f6e20786d6c6e733a70686f746f73686f703d27687474703a2f2f6e732e61646f62652e636f6d2f70686f746f73686f702f312e302f273e0a20203c70686f746f73686f703a436f6c6f724d6f64653e333c2f70686f746f73686f703a436f6c6f724d6f64653e0a20203c70686f746f73686f703a49434350726f66696c653e735247422049454336313936362d322e313c2f70686f746f73686f703a49434350726f66696c653e0a20203c70686f746f73686f703a446f63756d656e74416e636573746f72733e0a2020203c7264663a5365713e0a202020203c7264663a6c693e786d702e6469643a30313830313137343037323036383131393130394643433541433745463231423c2f7264663a6c693e0a2020203c2f7264663a5365713e0a20203c2f70686f746f73686f703a446f63756d656e74416e636573746f72733e0a203c2f7264663a4465736372697074696f6e3e0a0a3c2f7264663a5244463e0a3c2f783a786d706d6574613e0a3c3f787061636b657420656e643d2772273f3e0affe20c584943435f50524f46494c4500010100000c484c696e6f021000006d6e74725247422058595a2007ce00020009000600310000616373704d5346540000000049454320735247420000000000000000000000010000f6d6000100000000d32d4850202000000000000000000000000000000000000000000000000000000000000000000000000000000000000000000000001163707274000001500000003364657363000001840000006c77747074000001f000000014626b707400000204000000147258595a00000218000000146758595a0000022c000000146258595a0000024000000014646d6e640000025400000070646d6464000002c400000088767565640000034c0000008676696577000003d4000000246c756d69000003f8000000146d6561730000040c0000002474656368000004300000000c725452430000043c0000080c675452430000043c0000080c625452430000043c0000080c7465787400000000436f70797269676874202863292031393938204865776c6574742d5061636b61726420436f6d70616e790000646573630000000000000012735247422049454336313936362d322e31000000000000000000000012735247422049454336313936362d322e31000000000000000000000000000000000000000000000000000000000000000000000000000000000000000000000000000058595a20000000000000f35100010000000116cc58595a200000000000000000000000000000000058595a200000000000006fa2000038f50000039058595a2000000000000062990000b785000018da58595a2000000000000024a000000f840000b6cf64657363000000000000001649454320687474703a2f2f7777772e6965632e636800000000000000000000001649454320687474703a2f2f7777772e6965632e63680000000000000000000000000000000000000000000000000000000000000000000000000000000000000000000064657363000000000000002e4945432036313936362d322e312044656661756c742052474220636f6c6f7572207370616365202d207352474200000000000000000000002e4945432036313936362d322e312044656661756c742052474220636f6c6f7572207370616365202d20735247420000000000000000000000000000000000000000000064657363000000000000002c5265666572656e63652056696577696e6720436f6e646974696f6e20696e2049454336313936362d322e3100000000000000000000002c5265666572656e63652056696577696e6720436f6e646974696f6e20696e2049454336313936362d322e31000000000000000000000000000000000000000000000000000076696577000000000013a4fe00145f2e0010cf140003edcc0004130b00035c9e0000000158595a2000000000004c09560050000000571fe76d6561730000000000000001000000000000000000000000000000000000028f0000000273696720000000004352542063757276000000000000040000000005000a000f00140019001e00230028002d00320037003b00400045004a004f00540059005e00630068006d00720077007c00810086008b00900095009a009f00a400a900ae00b200b700bc00c100c600cb00d000d500db00e000e500eb00f000f600fb01010107010d01130119011f0125012b01320138013e0145014c0152015901600167016e0175017c0183018b0192019a01a101a901b101b901c101c901d101d901e101e901f201fa0203020c0214021d0226022f02380241024b0254025d02670271027a0284028e029802a202ac02b602c102cb02d502e002eb02f50300030b03160321032d03380343034f035a03660372037e038a039603a203ae03ba03c703d303e003ec03f9040604130420042d043b0448045504630471047e048c049a04a804b604c404d304e104f004fe050d051c052b053a05490558056705770586059605a605b505c505d505e505f6060606160627063706480659066a067b068c069d06af06c006d106e306f507070719072b073d074f076107740786079907ac07bf07d207e507f8080b081f08320846085a086e0882089608aa08be08d208e708fb09100925093a094f09640979098f09a409ba09cf09e509fb0a110a270a3d0a540a6a0a810a980aae0ac50adc0af30b0b0b220b390b510b690b800b980bb00bc80be10bf90c120c2a0c430c5c0c750c8e0ca70cc00cd90cf30d0d0d260d400d5a0d740d8e0da90dc30dde0df80e130e2e0e490e640e7f0e9b0eb60ed20eee0f090f250f410f5e0f7a0f960fb30fcf0fec1009102610431061107e109b10b910d710f511131131114f116d118c11aa11c911e81207122612451264128412a312c312e31303132313431363138313a413c513e5140614271449146a148b14ad14ce14f01512153415561578159b15bd15e0160316261649166c168f16b216d616fa171d17411765178917ae17d217f7181b18401865188a18af18d518fa19201945196b199119b719dd1a041a2a1a511a771a9e1ac51aec1b141b3b1b631b8a1bb21bda1c021c2a1c521c7b1ca31ccc1cf51d1e1d471d701d991dc31dec1e161e401e6a1e941ebe1ee91f131f3e1f691f941fbf1fea20152041206c209820c420f0211c2148217521a121ce21fb22272255228222af22dd230a23382366239423c223f0241f244d247c24ab24da250925382568259725c725f726272657268726b726e827182749277a27ab27dc280d283f287128a228d429062938296b299d29d02a022a352a682a9b2acf2b022b362b692b9d2bd12c052c392c6e2ca22cd72d0c2d412d762dab2de12e162e4c2e822eb72eee2f242f5a2f912fc72ffe3035306c30a430db3112314a318231ba31f2322a3263329b32d4330d3346337f33b833f1342b3465349e34d83513354d358735c235fd3637367236ae36e937243760379c37d738143850388c38c839053942397f39bc39f93a363a743ab23aef3b2d3b6b3baa3be83c273c653ca43ce33d223d613da13de03e203e603ea03ee03f213f613fa23fe24023406440a640e74129416a41ac41ee4230427242b542f7433a437d43c044034447448a44ce45124555459a45de4622466746ab46f04735477b47c04805484b489148d7491d496349a949f04a374a7d4ac44b0c4b534b9a4be24c2a4c724cba4d024d4a4d934ddc4e254e6e4eb74f004f494f934fdd5027507150bb51065150519b51e65231527c52c75313535f53aa53f65442548f54db5528557555c2560f565c56a956f75744579257e0582f587d58cb591a596959b85a075a565aa65af55b455b955be55c355c865cd65d275d785dc95e1a5e6c5ebd5f0f5f615fb36005605760aa60fc614f61a261f56249629c62f06343639763eb6440649464e9653d659265e7663d669266e8673d679367e9683f689668ec6943699a69f16a486a9f6af76b4f6ba76bff6c576caf6d086d606db96e126e6b6ec46f1e6f786fd1702b708670e0713a719571f0724b72a67301735d73b87414747074cc7528758575e1763e769b76f8775677b37811786e78cc792a798979e77a467aa57b047b637bc27c217c817ce17d417da17e017e627ec27f237f847fe5804780a8810a816b81cd8230829282f4835783ba841d848084e3854785ab860e867286d7873b879f8804886988ce8933899989fe8a648aca8b308b968bfc8c638cca8d318d988dff8e668ece8f368f9e9006906e90d6913f91a89211927a92e3934d93b69420948a94f4955f95c99634969f970a977597e0984c98b89924999099fc9a689ad59b429baf9c1c9c899cf79d649dd29e409eae9f1d9f8b9ffaa069a0d8a147a1b6a226a296a306a376a3e6a456a4c7a538a5a9a61aa68ba6fda76ea7e0a852a8c4a937a9a9aa1caa8fab02ab75abe9ac5cacd0ad44adb8ae2daea1af16af8bb000b075b0eab160b1d6b24bb2c2b338b3aeb425b49cb513b58ab601b679b6f0b768b7e0b859b8d1b94ab9c2ba3bbab5bb2ebba7bc21bc9bbd15bd8fbe0abe84beffbf7abff5c070c0ecc167c1e3c25fc2dbc358c3d4c451c4cec54bc5c8c646c6c3c741c7bfc83dc8bcc93ac9b9ca38cab7cb36cbb6cc35ccb5cd35cdb5ce36ceb6cf37cfb8d039d0bad13cd1bed23fd2c1d344d3c6d449d4cbd54ed5d1d655d6d8d75cd7e0d864d8e8d96cd9f1da76dafbdb80dc05dc8add10dd96de1cdea2df29dfafe036e0bde144e1cce253e2dbe363e3ebe473e4fce584e60de696e71fe7a9e832e8bce946e9d0ea5beae5eb70ebfbec86ed11ed9cee28eeb4ef40efccf058f0e5f172f1fff28cf319f3a7f434f4c2f550f5def66df6fbf78af819f8a8f938f9c7fa57fae7fb77fc07fc98fd29fdbafe4bfedcff6dffffffdb00430050373c463c32504641465a55505f78c882786e6e78f5afb991c8ffffffffffffffffffffffffffffffffffffffffffffffffffffffffffffffffffffffffffffffdb004301555a5a786978eb8282ebffffffffffffffffffffffffffffffffffffffffffffffffffffffffffffffffffffffffffffffffffffffffffffffffffffffffffffffc200110800b700c803011100021101031101ffc40017000003010000000000000000000000000000010203ffc4001501010100000000000000000000000000000001ffda000c0301000210031000000148c04334208a202800d404300010c043300018cd0cc9a4540303500000000020b3054302d190aac0700c0d443000000112598a83829a252c40286324d400a0000010c0c9410c6894b19228605000c650008621818a80228a455204950c602280a1808621818ad92324d122810822c4492059a1402188625c8d09288251d512208a200d9526451b0000088592c604824d50198a0019baa1252b40000442c9a01208ea00a3280620181a1aaa400000c964b01250549254414592480846e5000008c96c000480864906c2200b10c46a0004094aa800044a512224d0448142194234003257415008408c40220d0000c86680302c445a015008494210012508008028a011a92b3401501209448800450001988658c450ed9188a89252800404960000211006a00359aa11510080c000c8d404311250c4300105b401128806324a33194301124145140002b680225108b1106823218c04002194580005a0e126649a0883510198c0000000b28082ed4381332462036200448c0000000d04312c96819880a28a2093411032c649051268303311ffc4001e10000104030101010000000000000000000100101120303141022140ffda000801010001050273aeaf4c29dc9f5a58316ea0ddcb2a5bb3f7ae328da8a060e2b2a72f18edbadac5ca415d41173801a9bf50bcb841fa8b15d78fa2a28022186edd1bc8104500a2dcd21b6282368a838034b7468a2d08af2f0a1416f3aac8a430f88add89429aca1ce86d8a0d2fac7151ba8a063a193b60e58a1f848b061b73a42a2f0a2a175cb79af6b383b42bce9ba8a9aeda54d45385797ed254d853ac748b4a97947107eb1636282233f69b50c5e2f1f285bfffc40014110100000000000000000000000000000090ffda0008010301013f010fff00ffc40014110100000000000000000000000000000090ffda0008010201013f010fff00ffc4001c1000020105010000000000000000000000114001102131506070ffda0008010100063f02e37152c862efc292ccedcf283d9fffc4002510000202020203000203010100000000000001101121312041516171308191a1b1d1e1ffda0008010100013f219d86e3a47650b50bfccb79e2b4a7b8f833e20f284cafdc3e685a348c6690b5fc6b55ee2feff11a8a9b551d899bfed0f46d5cbb51df17a97e0ffa450aad32fd05bbad1d18f6c7b6c71d90b7179a59137d96b12778e7db12ae1ab1e29e4bc22b286369d0ec79c0a859656458f90a143c419e0bcd5192f05bd90b1909dbdb32c098cd0f62d7b7c2cda2c5ee7b8d27bfdc5bcfd2d6fa1bc1bd0f5068e87a16a4fc25acd9f16874375e450efe9465736f914347536ec424c70ed67df1ec5a46d9c1ea6e8aa4ddb8598f22c4ec3607c44d1f27815d32b8a5edee4b71dc365d4d97f867ebf816c562c4ce8937ad987b7140c6938dfca3f7175bc0d6bc51ee1ffec514f052a3a1e874a8ce98f62c6a36fe9a8c835cda786537b5af0276ad704de90b93aec4edecd28c066b2bd8a3742ca1337b5aecbd7b9edb45e2cf4e7b1bcd22a8d4b57ca7966d28c5ff00486a666869fd36abc4bc09661f0aae25b1aa1ae11e5e23548ec33bb9ec438ec7a1651e38f80be84e9f07ac31ecd91b5518397d0d9667b97a1fae6d18d90aef83742ff2763dc755e4eecd5fde3ae5b274c4ef97b16a3d9d42cb6ff4686cfb3da374c5c163a1f04c2e2fee311d0b088d4eca5b83568d619658b72695b34c38d833713a76507e11d1b5096bf02d7c86b96ef0fe471a46c216e14dbae225653e08b1db75d158a2eb0c6efe0ddfc0de258abe8549ade04ec7e03542562550d4696a2b152d6ea3ffda000c03010002000300000010b6dabf64da6db6db6da4d257f4db6d369269b4410bdd9349a6da6db680a707b26d26da69a4d100b2b6e9b6d34da4d304939fe920534db49a449226dba28269b6d2441043ff0064c329369a6d9008db649064b2d34da000ebec9241345a69ae087576d36934db4d274805ecdb4d86da6db5010404d34d941a49b7480494906800404536c12484900116d000b68920129149a0034882902412922d240025b402a4821240140a2102002c121968a2c804b4c005804a08b01b2000d200ae0169b2c96824934406c90926d06da0da09a49ca936d82d22082124904fffc4001b11010002020300000000000000000000000120400060105070ffda0008010301013f10915de0aeef0593b220da70f2622e9ad66055ffc4001b11010100030003000000000000000000000140101150003060ffda0008010201013f10f434b398672932cc6598cbce292930b46f927d1949d3df4c7c6affc400261001000202010401040301000000000000010011213110415161718120a1b1c191d1f0e1ffda0008010100013f101efcfd845051ea7e17f7c689b3dcfe0ea25a9dc8ac3c1b077473400dbf4fdb1c866f80fcc0ad4f4ff32cedfc303a71ee210ef3155a57eb8b3e03f73447c03860acbf69f938c57dfe39a2efaf2e08641868f5c2d0af496b2db47f7c2cecf718767ed2dd92914b5e84144efa2ffbe261ac0b3f70b0b7cbdb2aacf30db2186d3678ba4f30d4dd3a1b808b7d7e8d9ce6794574ed7f75716ecbf982d83c39251eb7fbd4adf0026ddcb61be807fdf8812fa9961cdf4e35ec3367ae1bd157889a4856a9858aa6ba388aee5d6794c9e381b2f82d4d51440b5758e0b9d38bb5b466583af6fdc5156f44a211a32faffb2c23d4c278894d4d2f4710a82b0997ed0e20f6f78bbe950572d9de13231dc3ab5e3808676ef856a3d18b45c6f971c741dd8da81ab609c8b3706b3e1de36d5bae9a961a10c1181ee0f88c68e9d7f12ac3373d4eaf6cc50cb5572e5cef37d3c72627ac6989443edf1c817ce77fa897345f73f3c1a1773340dc005d159fe650abbaa232c14e457a9a92ae9dfba8fe0fe2656bb59764dcd97b3325ea65fe35c5d16b15c6117baac147492979212e0a5e6b6ee5719d0eb16c798c00dfd8417b75fd4c2fa899e681728743bca2bc8182604601511e6bbf155a7cc5b7ea3bf822d2ab89ac6a1b600c99819129bc43436b0395aaf706e2587b0cfb622f84c111ef7fa8b968662094eb84aa0b7b45a95d920f52205912c4974424626f7c2a81768385c272caeb34df2d62fbe381ca7696c7b0a8d569d8ff00737f8b9e218288aaaaed704cae6b513a225353ef9168b62da7a2dcea1d5815aaa0df033ac5ae65605d4112ce5ca1c1b78429e958dea50f720a00fbc71ad66b30938bc3f0f59f6d73609a1ee52abfe501be4dac4587625258b5d78222b3125acd55cb744f99fe07fa88683d1965415e65839719ab785659de218adf6960b0c0d3c4727fc94ec4f0a2d4a2bb44f60d3084b4dc4c429ddfd401acbbbde0d2f623647745051c214311d53c161bccb155fb26c17ae0c92c7e810018b5bf6c68a25236fcc4a6b92ab1d78444a40cfad7d21d455f31c189a041e8662db28b1ea4d11417de00b65a04df1d062a9b9a7ee52a99e8e517000f7da46c0f4dcd3d0e8c35aae3a0b8c86abcac156e5eeb14a296f4c45b78a9152f5f4a6e9a79566621568cfec71e0821a439a730ca3a80b56f0e55165196576ca2ed33174fa2829d6f800d1512c8f6ef181bd465e3a32a53b3874c54d76ae0882699f269f6cc59f786c19743bb0f037716cbd03ef2d6a6e2a38cdbb468937150f722239dd3f4a0d8b3b4b57e12a183659c2589de355acd0ca25eda9a3e9958481628cf8a2a144a742a327d0c472caf8cf582d1313d9f5264cc273bef3c911015be76532cb5b3ef31f6fda1b1f330b47f98eceeb3ea27a026490e57e8ddeef9df09654c41074dfd5749d987d33ec1fd4c0be2398db5d37323ef4f51538f9038bc706be043a0712ef5ca0db1627f9894e567980f8e8c070e1fa006c749505e5d31378fa45a4f6cc1e8a2c0ef17f25f0e49458e9c130ca575208d353cd14ebf42753851a5c73a20837ad315b0c45abb54dabb4575ed1a84181b875dd2f30d3d46976a7be3507a3be1fa40b3afe1c50a767034dcad551ac35369adc781dd38db3be0ba9d62d40bede0523de5f96cd4a95ab1fb42cf2728a8896c78ba6c8e87a31537298ecc3d13abcca68c428134618eff00096274c3e65178e605130aaddc237aea81e4f1a0798146892a5fc2417384454c65500638345acc3afa635ec56902da268e5e2471ffd9'),
  (3, PARSEDATETIME('1 1 2012', 'd M yyyy'), PARSEDATETIME('1 1 2012', 'd M yyyy'), 2, 2, 3, 'image/jpeg', X'ffd8ffe000104a46494600010101012c012c0000ffe10be64578696600004d4d002a000000080007011200030000000100010000011a00050000000100000062011b0005000000010000006a012800030000000100020000013100020000000b0000007201320002000000140000007e876900040000000100000092000000d40000012c000000010000012c0000000147494d5020322e382e360000323031343a30343a32332030373a30333a3535000005900000070000000430323130a00000070000000430313030a00100030000000100010000a002000400000001000000c8a003000400000001000000b7000000000006010300030000000100060000011a00050000000100000122011b0005000000010000012a012800030000000100020000020100040000000100000132020200040000000100000aac0000000000000048000000010000004800000001ffd8ffe000104a46494600010100000100010000ffdb00430050373c463c32504641465a55505f78c882786e6e78f5afb991c8ffffffffffffffffffffffffffffffffffffffffffffffffffffffffffffffffffffffffffffffdb004301555a5a786978eb8282ebffffffffffffffffffffffffffffffffffffffffffffffffffffffffffffffffffffffffffffffffffffffffffffffffffffffffffffffc000110800a700b703012200021101031101ffc4001f0000010501010101010100000000000000000102030405060708090a0bffc400b5100002010303020403050504040000017d01020300041105122131410613516107227114328191a1082342b1c11552d1f02433627282090a161718191a25262728292a3435363738393a434445464748494a535455565758595a636465666768696a737475767778797a838485868788898a92939495969798999aa2a3a4a5a6a7a8a9aab2b3b4b5b6b7b8b9bac2c3c4c5c6c7c8c9cad2d3d4d5d6d7d8d9dae1e2e3e4e5e6e7e8e9eaf1f2f3f4f5f6f7f8f9faffc4001f0100030101010101010101010000000000000102030405060708090a0bffc400b51100020102040403040705040400010277000102031104052131061241510761711322328108144291a1b1c109233352f0156272d10a162434e125f11718191a262728292a35363738393a434445464748494a535455565758595a636465666768696a737475767778797a82838485868788898a92939495969798999aa2a3a4a5a6a7a8a9aab2b3b4b5b6b7b8b9bac2c3c4c5c6c7c8c9cad2d3d4d5d6d7d8d9dae2e3e4e5e6e7e8e9eaf2f3f4f5f6f7f8f9faffda000c03010002110311003f00407d69d51ed93d57f2a4c483b03408969bbb6c80ff00b269a2423a8228ff005878ed40135b8c2b7d71fa54a7a5321fb99f524d2c87087d4f14c0adfc44527dd901ec7834a3ae7d691c6578eb4fa00ac3069c9f771e9c527de50d9ebda88cf26a407d2c4332907b8a4a58b8947d0d0059a28a4a00456dc4fa0a7520c76a5a0028a293b9a0041d4d3a9077a5a0029a3ef139ec05293804d449e9ead401301814514500671723d0fd09a50643f779fc41a969081d40e6818d0d2778cd3d0e43310463a51b8e376e34ec1f954f52726800c1585867a714c77df18fa7eb5237dddbead519032cc3eea7f3a62065c05f6e2929fc32fd698460e0d500d8c0f997d0d397effe14d1f2ca0faf14ee8d52c07d03efafd69acdb464d08af21c93b57b5202de4671de900ea4f535181b4753f89a4190bc360fb5004c0606296a25978c9e47a8a96800a407233413fad2d0020ef4b49de96801adce07ad32307cc39e833fafff005a9fc6e2c4f1d29c2800a2918e071d68a00a8485c64d2d203f3ae4679c539210a32dcfb76a06323219b1c601c9a70605b79e067029cab1b0c0503f0a6a42a304e703d6801c4f05fb9fbb4f0988b69fc6990fce777f0af0296673f747738a62234383b695c719a197b8a4cee53ed54031c7cb9ee39a7039c11de90f22914fee87e552c07850ed93f757f53526e34d0005dbd4514803a734e4eb4c670bf5a679ded40164003a52c670767e22abacd938e952124e08fbcb4013e39cd2d22e768cf5c52d0035b8707d8d29e052367e5faf34ea00638c44453c74a6c9c21a527e5a003a907b0a291d822ff21450055419907d6a7c76ed50c5feb0f3f854bc7419eb40c8c29600742bc669eca704939c0e94b8e723f1a53c8c50057569238fcc38e7b7ad2b1c953ed9fce9d2e1e3d8bc9ed4d906180f45029a11253186d3b80fad2a1c8c7714eaa021149160803dc9a3eeb914c46d849a96058cf38c54723e3814c3231f6a6d201caa58d4c2d323249a640406e6af8e94019d245e59a512e17919ab171866c0a54b75dbcd00491b6f8d5bd453aa386331295ce46722a4a0043d29690f434018a004619207bd0bca2d3bbd373b63fc2802263ba43e83814534650e1fa9ef4532d0c87fd71fc6a7c0c9f5aac870cc7b75a9c48093814891c7a544ee4640e4d399fd3eb9a646430f72fcfbd004b147b17d4f7a89c67e6ab150f51548445d391535427a53d55f197240ec051702295bf7981e94ca9650aa3818c9a4813736f2320741eb520464103241028abad82b8350b44872470680210706a513b018cd33ca6f6fce8f29fd07e7400e5932f935751c30ace2aebd54d4b6f27ef40cd005e3494514008dca9a514119a0734009fc79f6a1802a41a504127da9ad220c82c3e9401046de62ed71cd15193b30d8e07f2a29944e403dbbd1b1718c52d07a5210df2d3fba291d3a15e08e869f41200c9a0011f23e6e0f715087c96080b73c50ecb2636f23b9a9005e36f007a517111aa6d6dce416ec3d295892c3d69cc72699d013de802195b2c7daaca011c6a3daaaa8dcea3d4d5a6eb40099e6a292421b038a930339f4a8e55248205002c4c581cd3ce7b1c53635dabcf5a479369c0eb40126ec734144906e1f2b7a8eb4c8df7039ed4f06801f1484111c9f7bb1f5a9aa0203af3d453a2909043fde5fd68025a2807201a28022de4332ae339cf351afde3b860f5a571be46c71b7f5346eca86ee3ad343108ec68a5c8070dd3b1a2980f1d39a3b52d15203471927a7ad3154484b3723b0a73fcc76f61c9a13a50214608f97814d2c4e4118a731c0a6500149d6968a04418db30fad4f4c7c1c7a834fa062020f4a296928011ce149a8304826a693ee9a89180c83d0d003e1230477a96ab1183c1a9d4ee506810f53834487690e3a8fd45252b1c8140cb0082011d0d23305527d05456cdc14cfdd34e9bee607f11c500471719cf53c9a43f2bfb1e0d2affac61ec2958656a8620195da7a8a2909db86edd0d140121381934d66d8b93c9cd3aa39ff00817d4d4807afb9c9a70202839a809da1cf61d2a68c010ae7d3340818e4fb53480460d2d2119a005a8a3387606a5a8243b65045004ac320d3a9072296800a28a2810544d1024ed383e95231da3268041e868195981538618a7c726de3a8a9880c304546611db8a007ab061914ea6226c1ef4fa0420e0e4707d6a5dfbf9f4ed51d00ed607b74342180ff005df5069fea2987fd6afd4d3f387fa8aa188bdc1a2871de8a0071e78a87efb97ec3815237caa5bb814d036a2afa0a906453f098f5a981c44bf4a8273dbdaa443945fa5021d4d63b4669d4c93ee9a007d4538f941f434f8db72d2b2ee523d6801b11ca63d29f557953b4f514f5948ebcd004d4b51f9a3d0d2198761408908c8c1a81a364395e47f2a0c8c7bd264e08cf5a063926ec6a55756e86ab9191480faf5a00b745409211c1e454c0e466810b4633c1ef4503ad031a80b3293d89cd48fd6900c4cdee3343f5aa18e1f30a29aa7068a00593fd591eb48dd689380a3de90d48995a5396269d049c6c3f8546fd0d201f2fbd005bdc3d45432be781d0533f84376a6939e05004f07434f660b8cd3611f29a26195cfa5002c881d78ebd8d5707b1eb52c4fced3f8524c9cee1d2801941a419e8696800a28a5009190280128ee334628a005230714f89bf84fe151e72307a8fe545005aa298ae0a64f6a1c9c00a393dfd280099ff0078bb79352375a8c460291d49ea69431030dd40ebeb4d00ea2abbb97e070b453b8c9d9b7487d178a6c8d84fad145488ae46452d1450022b00c437dd3530887af145140120000c0a493ee37d28a2802b8192077ab08d9c83d475a28a0063459e56a320a9c1a28a042a26efa54e0003028a28002011cd432205231d28a28008e3def8ce3e5cd35815620f5145140c9625c2f3de9e060628a28016a099b736dec28a2801945145007fffd9ffe106a2687474703a2f2f6e732e61646f62652e636f6d2f7861702f312e302f003c3f787061636b657420626567696e3d27efbbbf272069643d2757354d304d7043656869487a7265537a4e54637a6b633964273f3e0a3c783a786d706d65746120786d6c6e733a783d2761646f62653a6e733a6d6574612f273e0a3c7264663a52444620786d6c6e733a7264663d27687474703a2f2f7777772e77332e6f72672f313939392f30322f32322d7264662d73796e7461782d6e7323273e0a0a203c7264663a4465736372697074696f6e20786d6c6e733a786d703d27687474703a2f2f6e732e61646f62652e636f6d2f7861702f312e302f273e0a20203c786d703a43726561746f72546f6f6c3e41646f62652050686f746f73686f7020435335204d6163696e746f73683c2f786d703a43726561746f72546f6f6c3e0a20203c786d703a437265617465446174653e323031332d30392d30325431363a33393a31352b30333a30303c2f786d703a437265617465446174653e0a20203c786d703a4d65746164617461446174653e323031332d30392d31365431343a33383a30392b30333a30303c2f786d703a4d65746164617461446174653e0a20203c786d703a4d6f64696679446174653e323031332d30392d31365431343a33383a30392b30333a30303c2f786d703a4d6f64696679446174653e0a203c2f7264663a4465736372697074696f6e3e0a0a203c7264663a4465736372697074696f6e20786d6c6e733a64633d27687474703a2f2f7075726c2e6f72672f64632f656c656d656e74732f312e312f273e0a20203c64633a666f726d61743e696d6167652f6a7065673c2f64633a666f726d61743e0a203c2f7264663a4465736372697074696f6e3e0a0a203c7264663a4465736372697074696f6e20786d6c6e733a786d704d4d3d27687474703a2f2f6e732e61646f62652e636f6d2f7861702f312e302f6d6d2f273e0a20203c786d704d4d3a496e7374616e636549443e786d702e6969643a30363830313137343037323036383131383843363943413339333941313837423c2f786d704d4d3a496e7374616e636549443e0a20203c786d704d4d3a4f726967696e616c446f63756d656e7449443e786d702e6469643a30313830313137343037323036383131393130394643433541433745463231423c2f786d704d4d3a4f726967696e616c446f63756d656e7449443e0a20203c786d704d4d3a496e7374616e636549443e786d702e6969643a30363830313137343037323036383131383843363943413339333941313837423c2f786d704d4d3a496e7374616e636549443e0a20203c786d704d4d3a446f63756d656e744944207264663a7265736f757263653d27786d702e6469643a303138303131373430373230363831313931303946434335414337454632314227202f3e0a20203c786d704d4d3a4f726967696e616c446f63756d656e7449443e786d702e6469643a30313830313137343037323036383131393130394643433541433745463231423c2f786d704d4d3a4f726967696e616c446f63756d656e7449443e0a20203c786d704d4d3a486973746f72793e0a2020203c7264663a5365713e0a2020203c2f7264663a5365713e0a20203c2f786d704d4d3a486973746f72793e0a20203c786d704d4d3a4465726976656446726f6d207264663a7061727365547970653d275265736f75726365273e0a20203c2f786d704d4d3a4465726976656446726f6d3e0a203c2f7264663a4465736372697074696f6e3e0a0a203c7264663a4465736372697074696f6e20786d6c6e733a70686f746f73686f703d27687474703a2f2f6e732e61646f62652e636f6d2f70686f746f73686f702f312e302f273e0a20203c70686f746f73686f703a436f6c6f724d6f64653e333c2f70686f746f73686f703a436f6c6f724d6f64653e0a20203c70686f746f73686f703a49434350726f66696c653e735247422049454336313936362d322e313c2f70686f746f73686f703a49434350726f66696c653e0a20203c70686f746f73686f703a446f63756d656e74416e636573746f72733e0a2020203c7264663a5365713e0a202020203c7264663a6c693e786d702e6469643a30313830313137343037323036383131393130394643433541433745463231423c2f7264663a6c693e0a2020203c2f7264663a5365713e0a20203c2f70686f746f73686f703a446f63756d656e74416e636573746f72733e0a203c2f7264663a4465736372697074696f6e3e0a0a3c2f7264663a5244463e0a3c2f783a786d706d6574613e0a3c3f787061636b657420656e643d2772273f3e0affe20c584943435f50524f46494c4500010100000c484c696e6f021000006d6e74725247422058595a2007ce00020009000600310000616373704d5346540000000049454320735247420000000000000000000000010000f6d6000100000000d32d4850202000000000000000000000000000000000000000000000000000000000000000000000000000000000000000000000001163707274000001500000003364657363000001840000006c77747074000001f000000014626b707400000204000000147258595a00000218000000146758595a0000022c000000146258595a0000024000000014646d6e640000025400000070646d6464000002c400000088767565640000034c0000008676696577000003d4000000246c756d69000003f8000000146d6561730000040c0000002474656368000004300000000c725452430000043c0000080c675452430000043c0000080c625452430000043c0000080c7465787400000000436f70797269676874202863292031393938204865776c6574742d5061636b61726420436f6d70616e790000646573630000000000000012735247422049454336313936362d322e31000000000000000000000012735247422049454336313936362d322e31000000000000000000000000000000000000000000000000000000000000000000000000000000000000000000000000000058595a20000000000000f35100010000000116cc58595a200000000000000000000000000000000058595a200000000000006fa2000038f50000039058595a2000000000000062990000b785000018da58595a2000000000000024a000000f840000b6cf64657363000000000000001649454320687474703a2f2f7777772e6965632e636800000000000000000000001649454320687474703a2f2f7777772e6965632e63680000000000000000000000000000000000000000000000000000000000000000000000000000000000000000000064657363000000000000002e4945432036313936362d322e312044656661756c742052474220636f6c6f7572207370616365202d207352474200000000000000000000002e4945432036313936362d322e312044656661756c742052474220636f6c6f7572207370616365202d20735247420000000000000000000000000000000000000000000064657363000000000000002c5265666572656e63652056696577696e6720436f6e646974696f6e20696e2049454336313936362d322e3100000000000000000000002c5265666572656e63652056696577696e6720436f6e646974696f6e20696e2049454336313936362d322e31000000000000000000000000000000000000000000000000000076696577000000000013a4fe00145f2e0010cf140003edcc0004130b00035c9e0000000158595a2000000000004c09560050000000571fe76d6561730000000000000001000000000000000000000000000000000000028f0000000273696720000000004352542063757276000000000000040000000005000a000f00140019001e00230028002d00320037003b00400045004a004f00540059005e00630068006d00720077007c00810086008b00900095009a009f00a400a900ae00b200b700bc00c100c600cb00d000d500db00e000e500eb00f000f600fb01010107010d01130119011f0125012b01320138013e0145014c0152015901600167016e0175017c0183018b0192019a01a101a901b101b901c101c901d101d901e101e901f201fa0203020c0214021d0226022f02380241024b0254025d02670271027a0284028e029802a202ac02b602c102cb02d502e002eb02f50300030b03160321032d03380343034f035a03660372037e038a039603a203ae03ba03c703d303e003ec03f9040604130420042d043b0448045504630471047e048c049a04a804b604c404d304e104f004fe050d051c052b053a05490558056705770586059605a605b505c505d505e505f6060606160627063706480659066a067b068c069d06af06c006d106e306f507070719072b073d074f076107740786079907ac07bf07d207e507f8080b081f08320846085a086e0882089608aa08be08d208e708fb09100925093a094f09640979098f09a409ba09cf09e509fb0a110a270a3d0a540a6a0a810a980aae0ac50adc0af30b0b0b220b390b510b690b800b980bb00bc80be10bf90c120c2a0c430c5c0c750c8e0ca70cc00cd90cf30d0d0d260d400d5a0d740d8e0da90dc30dde0df80e130e2e0e490e640e7f0e9b0eb60ed20eee0f090f250f410f5e0f7a0f960fb30fcf0fec1009102610431061107e109b10b910d710f511131131114f116d118c11aa11c911e81207122612451264128412a312c312e31303132313431363138313a413c513e5140614271449146a148b14ad14ce14f01512153415561578159b15bd15e0160316261649166c168f16b216d616fa171d17411765178917ae17d217f7181b18401865188a18af18d518fa19201945196b199119b719dd1a041a2a1a511a771a9e1ac51aec1b141b3b1b631b8a1bb21bda1c021c2a1c521c7b1ca31ccc1cf51d1e1d471d701d991dc31dec1e161e401e6a1e941ebe1ee91f131f3e1f691f941fbf1fea20152041206c209820c420f0211c2148217521a121ce21fb22272255228222af22dd230a23382366239423c223f0241f244d247c24ab24da250925382568259725c725f726272657268726b726e827182749277a27ab27dc280d283f287128a228d429062938296b299d29d02a022a352a682a9b2acf2b022b362b692b9d2bd12c052c392c6e2ca22cd72d0c2d412d762dab2de12e162e4c2e822eb72eee2f242f5a2f912fc72ffe3035306c30a430db3112314a318231ba31f2322a3263329b32d4330d3346337f33b833f1342b3465349e34d83513354d358735c235fd3637367236ae36e937243760379c37d738143850388c38c839053942397f39bc39f93a363a743ab23aef3b2d3b6b3baa3be83c273c653ca43ce33d223d613da13de03e203e603ea03ee03f213f613fa23fe24023406440a640e74129416a41ac41ee4230427242b542f7433a437d43c044034447448a44ce45124555459a45de4622466746ab46f04735477b47c04805484b489148d7491d496349a949f04a374a7d4ac44b0c4b534b9a4be24c2a4c724cba4d024d4a4d934ddc4e254e6e4eb74f004f494f934fdd5027507150bb51065150519b51e65231527c52c75313535f53aa53f65442548f54db5528557555c2560f565c56a956f75744579257e0582f587d58cb591a596959b85a075a565aa65af55b455b955be55c355c865cd65d275d785dc95e1a5e6c5ebd5f0f5f615fb36005605760aa60fc614f61a261f56249629c62f06343639763eb6440649464e9653d659265e7663d669266e8673d679367e9683f689668ec6943699a69f16a486a9f6af76b4f6ba76bff6c576caf6d086d606db96e126e6b6ec46f1e6f786fd1702b708670e0713a719571f0724b72a67301735d73b87414747074cc7528758575e1763e769b76f8775677b37811786e78cc792a798979e77a467aa57b047b637bc27c217c817ce17d417da17e017e627ec27f237f847fe5804780a8810a816b81cd8230829282f4835783ba841d848084e3854785ab860e867286d7873b879f8804886988ce8933899989fe8a648aca8b308b968bfc8c638cca8d318d988dff8e668ece8f368f9e9006906e90d6913f91a89211927a92e3934d93b69420948a94f4955f95c99634969f970a977597e0984c98b89924999099fc9a689ad59b429baf9c1c9c899cf79d649dd29e409eae9f1d9f8b9ffaa069a0d8a147a1b6a226a296a306a376a3e6a456a4c7a538a5a9a61aa68ba6fda76ea7e0a852a8c4a937a9a9aa1caa8fab02ab75abe9ac5cacd0ad44adb8ae2daea1af16af8bb000b075b0eab160b1d6b24bb2c2b338b3aeb425b49cb513b58ab601b679b6f0b768b7e0b859b8d1b94ab9c2ba3bbab5bb2ebba7bc21bc9bbd15bd8fbe0abe84beffbf7abff5c070c0ecc167c1e3c25fc2dbc358c3d4c451c4cec54bc5c8c646c6c3c741c7bfc83dc8bcc93ac9b9ca38cab7cb36cbb6cc35ccb5cd35cdb5ce36ceb6cf37cfb8d039d0bad13cd1bed23fd2c1d344d3c6d449d4cbd54ed5d1d655d6d8d75cd7e0d864d8e8d96cd9f1da76dafbdb80dc05dc8add10dd96de1cdea2df29dfafe036e0bde144e1cce253e2dbe363e3ebe473e4fce584e60de696e71fe7a9e832e8bce946e9d0ea5beae5eb70ebfbec86ed11ed9cee28eeb4ef40efccf058f0e5f172f1fff28cf319f3a7f434f4c2f550f5def66df6fbf78af819f8a8f938f9c7fa57fae7fb77fc07fc98fd29fdbafe4bfedcff6dffffffdb00430050373c463c32504641465a55505f78c882786e6e78f5afb991c8ffffffffffffffffffffffffffffffffffffffffffffffffffffffffffffffffffffffffffffffdb004301555a5a786978eb8282ebffffffffffffffffffffffffffffffffffffffffffffffffffffffffffffffffffffffffffffffffffffffffffffffffffffffffffffffc200110800b700c803011100021101031101ffc40017000003010000000000000000000000000000010203ffc4001501010100000000000000000000000000000001ffda000c0301000210031000000148c04334208a202800d404300010c043300018cd0cc9a4540303500000000020b3054302d190aac0700c0d443000000112598a83829a252c40286324d400a0000010c0c9410c6894b19228605000c650008621818a80228a455204950c602280a1808621818ad92324d122810822c4492059a1402188625c8d09288251d512208a200d9526451b0000088592c604824d50198a0019baa1252b40000442c9a01208ea00a3280620181a1aaa400000c964b01250549254414592480846e5000008c96c000480864906c2200b10c46a0004094aa800044a512224d0448142194234003257415008408c40220d0000c86680302c445a015008494210012508008028a011a92b3401501209448800450001988658c450ed9188a89252800404960000211006a00359aa11510080c000c8d404311250c4300105b401128806324a33194301124145140002b680225108b1106823218c04002194580005a0e126649a0883510198c0000000b28082ed4381332462036200448c0000000d04312c96819880a28a2093411032c649051268303311ffc4001e10000104030101010000000000000000000100101120303141022140ffda000801010001050273aeaf4c29dc9f5a58316ea0ddcb2a5bb3f7ae328da8a060e2b2a72f18edbadac5ca415d41173801a9bf50bcb841fa8b15d78fa2a28022186edd1bc8104500a2dcd21b6282368a838034b7468a2d08af2f0a1416f3aac8a430f88add89429aca1ce86d8a0d2fac7151ba8a063a193b60e58a1f848b061b73a42a2f0a2a175cb79af6b383b42bce9ba8a9aeda54d45385797ed254d853ac748b4a97947107eb1636282233f69b50c5e2f1f285bfffc40014110100000000000000000000000000000090ffda0008010301013f010fff00ffc40014110100000000000000000000000000000090ffda0008010201013f010fff00ffc4001c1000020105010000000000000000000000114001102131506070ffda0008010100063f02e37152c862efc292ccedcf283d9fffc4002510000202020203000203010100000000000001101121312041516171308191a1b1d1e1ffda0008010100013f219d86e3a47650b50bfccb79e2b4a7b8f833e20f284cafdc3e685a348c6690b5fc6b55ee2feff11a8a9b551d899bfed0f46d5cbb51df17a97e0ffa450aad32fd05bbad1d18f6c7b6c71d90b7179a59137d96b12778e7db12ae1ab1e29e4bc22b286369d0ec79c0a859656458f90a143c419e0bcd5192f05bd90b1909dbdb32c098cd0f62d7b7c2cda2c5ee7b8d27bfdc5bcfd2d6fa1bc1bd0f5068e87a16a4fc25acd9f16874375e450efe9465736f914347536ec424c70ed67df1ec5a46d9c1ea6e8aa4ddb8598f22c4ec3607c44d1f27815d32b8a5edee4b71dc365d4d97f867ebf816c562c4ce8937ad987b7140c6938dfca3f7175bc0d6bc51ee1ffec514f052a3a1e874a8ce98f62c6a36fe9a8c835cda786537b5af0276ad704de90b93aec4edecd28c066b2bd8a3742ca1337b5aecbd7b9edb45e2cf4e7b1bcd22a8d4b57ca7966d28c5ff00486a666869fd36abc4bc09661f0aae25b1aa1ae11e5e23548ec33bb9ec438ec7a1651e38f80be84e9f07ac31ecd91b5518397d0d9667b97a1fae6d18d90aef83742ff2763dc755e4eecd5fde3ae5b274c4ef97b16a3d9d42cb6ff4686cfb3da374c5c163a1f04c2e2fee311d0b088d4eca5b83568d619658b72695b34c38d833713a76507e11d1b5096bf02d7c86b96ef0fe471a46c216e14dbae225653e08b1db75d158a2eb0c6efe0ddfc0de258abe8549ade04ec7e03542562550d4696a2b152d6ea3ffda000c03010002000300000010b6dabf64da6db6db6da4d257f4db6d369269b4410bdd9349a6da6db680a707b26d26da69a4d100b2b6e9b6d34da4d304939fe920534db49a449226dba28269b6d2441043ff0064c329369a6d9008db649064b2d34da000ebec9241345a69ae087576d36934db4d274805ecdb4d86da6db5010404d34d941a49b7480494906800404536c12484900116d000b68920129149a0034882902412922d240025b402a4821240140a2102002c121968a2c804b4c005804a08b01b2000d200ae0169b2c96824934406c90926d06da0da09a49ca936d82d22082124904fffc4001b11010002020300000000000000000000000120400060105070ffda0008010301013f10915de0aeef0593b220da70f2622e9ad66055ffc4001b11010100030003000000000000000000000140101150003060ffda0008010201013f10f434b398672932cc6598cbce292930b46f927d1949d3df4c7c6affc400261001000202010401040301000000000000010011213110415161718120a1b1c191d1f0e1ffda0008010100013f101efcfd845051ea7e17f7c689b3dcfe0ea25a9dc8ac3c1b077473400dbf4fdb1c866f80fcc0ad4f4ff32cedfc303a71ee210ef3155a57eb8b3e03f73447c03860acbf69f938c57dfe39a2efaf2e08641868f5c2d0af496b2db47f7c2cecf718767ed2dd92914b5e84144efa2ffbe261ac0b3f70b0b7cbdb2aacf30db2186d3678ba4f30d4dd3a1b808b7d7e8d9ce6794574ed7f75716ecbf982d83c39251eb7fbd4adf0026ddcb61be807fdf8812fa9961cdf4e35ec3367ae1bd157889a4856a9858aa6ba388aee5d6794c9e381b2f82d4d51440b5758e0b9d38bb5b466583af6fdc5156f44a211a32faffb2c23d4c278894d4d2f4710a82b0997ed0e20f6f78bbe950572d9de13231dc3ab5e3808676ef856a3d18b45c6f971c741dd8da81ab609c8b3706b3e1de36d5bae9a961a10c1181ee0f88c68e9d7f12ac3373d4eaf6cc50cb5572e5cef37d3c72627ac6989443edf1c817ce77fa897345f73f3c1a1773340dc005d159fe650abbaa232c14e457a9a92ae9dfba8fe0fe2656bb59764dcd97b3325ea65fe35c5d16b15c6117baac147492979212e0a5e6b6ee5719d0eb16c798c00dfd8417b75fd4c2fa899e681728743bca2bc8182604601511e6bbf155a7cc5b7ea3bf822d2ab89ac6a1b600c99819129bc43436b0395aaf706e2587b0cfb622f84c111ef7fa8b968662094eb84aa0b7b45a95d920f52205912c4974424626f7c2a81768385c272caeb34df2d62fbe381ca7696c7b0a8d569d8ff00737f8b9e218288aaaaed704cae6b513a225353ef9168b62da7a2dcea1d5815aaa0df033ac5ae65605d4112ce5ca1c1b78429e958dea50f720a00fbc71ad66b30938bc3f0f59f6d73609a1ee52abfe501be4dac4587625258b5d78222b3125acd55cb744f99fe07fa88683d1965415e65839719ab785659de218adf6960b0c0d3c4727fc94ec4f0a2d4a2bb44f60d3084b4dc4c429ddfd401acbbbde0d2f623647745051c214311d53c161bccb155fb26c17ae0c92c7e810018b5bf6c68a25236fcc4a6b92ab1d78444a40cfad7d21d455f31c189a041e8662db28b1ea4d11417de00b65a04df1d062a9b9a7ee52a99e8e517000f7da46c0f4dcd3d0e8c35aae3a0b8c86abcac156e5eeb14a296f4c45b78a9152f5f4a6e9a79566621568cfec71e0821a439a730ca3a80b56f0e55165196576ca2ed33174fa2829d6f800d1512c8f6ef181bd465e3a32a53b3874c54d76ae0882699f269f6cc59f786c19743bb0f037716cbd03ef2d6a6e2a38cdbb468937150f722239dd3f4a0d8b3b4b57e12a183659c2589de355acd0ca25eda9a3e9958481628cf8a2a144a742a327d0c472caf8cf582d1313d9f5264cc273bef3c911015be76532cb5b3ef31f6fda1b1f330b47f98eceeb3ea27a026490e57e8ddeef9df09654c41074dfd5749d987d33ec1fd4c0be2398db5d37323ef4f51538f9038bc706be043a0712ef5ca0db1627f9894e567980f8e8c070e1fa006c749505e5d31378fa45a4f6cc1e8a2c0ef17f25f0e49458e9c130ca575208d353cd14ebf42753851a5c73a20837ad315b0c45abb54dabb4575ed1a84181b875dd2f30d3d46976a7be3507a3be1fa40b3afe1c50a767034dcad551ac35369adc781dd38db3be0ba9d62d40bede0523de5f96cd4a95ab1fb42cf2728a8896c78ba6c8e87a31537298ecc3d13abcca68c428134618eff00096274c3e65178e605130aaddc237aea81e4f1a0798146892a5fc2417384454c65500638345acc3afa635ec56902da268e5e2471ffd9');

update Publication set defaultImage_id = 1 where id = 1;
update Publication set defaultImage_id = 2 where id = 2;
update Publication set defaultImage_id = 3 where id = 3;

insert into 
  PublicationFile (id, contentType, content)
values 
  (1, 'application/pdf', X'255044462d312e340a25c3a4c3bcc3b6c39f0a322030206f626a0a3c3c2f4c656e6774682033203020522f46696c7465722f466c6174654465636f64653e3e0a73747265616d0a789c2589bd0a02311006fb7d8aaf164c76637e4e0829c453b00b2e58889d7a9dc7e50a5fdf800c0c03c346f0a5050cee15f6c1380c5ecc80f6a2db069fffebb4890e4a21f695923711fa843d09c441dff7cc5252caecca3666de952e5f1e7aa151a952c5023b9eaf01d30aabcde338a3d20f8dbb1ba40a656e6473747265616d0a656e646f626a0a0a332030206f626a0a3131380a656e646f626a0a0a342030206f626a0a3c3c2f547970652f584f626a6563740a2f537562747970652f466f726d0a2f42426f785b202d33332034323020363239203432302e31205d0a2f47726f75703c3c2f532f5472616e73706172656e63792f43532f4465766963655247422f4b20747275653e3e0a2f4c656e67746820380a2f46696c7465722f466c6174654465636f64650a3e3e0a73747265616d0a789c0300000000010a656e6473747265616d0a656e646f626a0a0a352030206f626a0a3c3c2f434120302e350a2020202f636120302e350a3e3e0a656e646f626a0a0a372030206f626a0a3c3c2f4c656e6774682038203020522f46696c7465722f466c6174654465636f64652f4c656e677468312031353838343e3e0a73747265616d0a789ced7b796054d5d5f8b9f7be374b26b3649299ec9937994c1666b290b025a4644212b6806c0133d4984c92818425139209881589b52e0415aa54455b402d4a45cb640236a096e8476d5d2858ad557f55f013ad1b2d5af4d756c9fccebd3361b1b6fdfad7ef8faff338f79c7bceb9e79c7beebde7bd9719823d7d7e88877e60e0695be3eb4e92250a002f011073dbbaa0627db32c1de95300ea379777af58d3f3d81b0e00ed5300f2e08ad51b96efbcf1d56b008cdd00f1cf75f87dedfd1dc506808c296863520732ea4737a8b18f72c8e95813bc268b46ccd8df8efda4d581365f509b25637f2ff6e3d7f8aee95e202fe1fd03d857ba7c6bfcaf5edf9780fd5701124e74077a8380810214fd98cbbb7bfcdd1f3dff4931f68f620c75c82378f14f3c922adea74c82ffcd1ff90e84b96043c860db01d732f20ec269840f46e744be925781637465e4144b44e5c76300e084bb6117e4c059321e9e851198030f43352c80ed30138ec37e30c006f22248e0805ad80b4e62030a332099c8b003de80aba007de8353900ff5f03631a39d3ae8062b94473ec4b61e6e8d1c42ad38a8819fc261b29a2c8662a467513771a1e7ad91114886fcc8b1c8ebd8fb11bc47722283300ba9f72101f260137c1fccb0125e887c8591e6402b3c42ae231f821d5a608b34411a88ac82a970107e4bea919a071be4d7b50761358e7a88249391c8c9c81fe0e712013f5afa2edc8a1187618416b11a793728900bdf822bc087d2efc01b24918c679e485e647a6407721f81cfa88b3ec7d418870b664333dc0e0f60365e83d3f039d19189e447641f5e2f933fcaaf636cf5d007d7e2d9fa1166ef11780c0e91f1643c4da6c998ad6428802528db0a7bd0ff109c20f5c44b46c8336c8f5c325a15498a58227f8844601c346284bbe019f4718e94a00e7a60d92c28654941b9f4fc0d38c376f8219c8097318eb731ef9fc35fc838bcdea1d7d34d912b237b23ef612c1ab0c1145808cb2000eb603d3c88abfa2c1c854fc997548b9ac7a55fc8d7ca672377626e73613ac63e1fb517a3ed2db84a6118c6eb359c650251701653c81564115941b692bbc9307983bc4155d44ed7d28f5888bdc87e2f4d92e548055ab24216fa75c095d0812b703d66fb4e9cef5ef8053c4f2c249714e28c5ec3f15fd0a9b416af87e871fa36bb896d95be926f1e3d35faf1e897910150e32e9b8979e88347310b7f22568ca180ac24bde45d8c7c1b3dc00cccc41c6c22ab660dcccb6e65dbd9afd8afa51e699ff4a63c5bf6c9fbd4bed1aed19723f591ef01af122a8c2b0fdc300126e3fe598ebb6915c6d78d570f5c0737c000dc81fbe54ed80dfb70de47e079f82dbc059fe00a00b163cc9de87d0deeba9bc81d78ed208f9167c82fc8f3e41df205bf68365ef97412ada23574065d416fc26b3b3d415fa31fb00cd6c636b17ebc76b227d81b12489214914bf19a256f911f51bda8ce57cf52b76a5efaeaccf971e7bde7df1e85d1b4d16f8fde3dfacce81f224b231b307e27144211467a0b46b903f7e01ebc1ec59df8043c87b5fb7722d6cf082532eef814e2c0dde0c655ab2233c96cbce69185782dc1eb4ab20c2f1f69251d786d22fde4bbe446f23d723bf981b8eec5b9ed213f214fe0f5337218afdf9293e47df211f98ce226a60c77b393e6d1625a8e33ada133e97cba08af1534805737eda1eb70851ea143f4107d8d2532272b643eb696ed603f65cfb257d95f252ab9a562a9525a2aad906e948e4b2f4baf4b5fca36b94eee9077cacfaad25513544b542b55f7aaf6ab3e507da556a917a85bd5d7a95f5547344eac56bfc4791fbcace415ab8e935e3949ba869ec47391c2bae55bc812cc988a36b0d5ec0ef61b793939cb14f22619609d6c55e4213683fe8505c8527a8464339b5cc196c36d1021fbe83bf41cfd8364210df443922f7d9ffc8c06580d5589bafa8a64916e943f00a0bf830aba918cd05fb01bd98d91a7a142de494eca3be9cba048a768229cc4537d0bbd0707fd9a76d22dd0284d90bf844eccfb4fe46b30dfd3e8ad641c7b55da09ef3107fd33394beec6aa718ccc9172e8d5b49cecc38a7b9e64c119b216bac90fc0439e246f916120642f7b84cca5f1b85a21aa2793f1d6778cd9c9ab2c0ebc3c46924b2d64013d4b97b0a75427d84442b04afc06ae258c94e0de19fb8c42179e80ed340f6b5a1d5693574829a4c03d58efcf8d3ec52bb6fcbabc05f7d903cc0d8ba0049ae88b508167e33dbc1ae1662885c3b8076f85127a2f5c17e927ed58f7e761fda4304c564231d161b54cc6d836e1fdc24ab3b11636a3d7bf60fd7f01ab7e3df923ac270a9eac11c897b8e436a90e2b530bd6df2d78b54313f67e0877aa0ecaafc07c920c2029a33b7197ff1eaec67bcebbe83f0d2a31be65f080e4c6a815accc6b71c40f47678107af9be145426123c63c0dcff902691656debb232b71869d788f9a8bf7c4e7a133720fd4e0da2d8adc18d902cd91072257c10a581cd98bf5775d240c93e016d94b97ca2e6902d6d8e7c951bc1ffd1fb205ebf62c7813eb9193a4c04778fd14e39f263f0903d2efb07656456e8bfc162c988f6ccc502bde454fc31af823e66d161b81b2d12be8606406ebc63bd44958187924622371d011598d95f729d8a396b1f6f44396bc07f7ee1669392dc1780bc04a8a917b95bc0bc0337d4983a76adab72aa756944f993c69e284b2d2f125c545856ed7b882fcbc5c678e23dbaed8b23233d2d3525392ad4989e60493d1a08fd7c569356a952c314ac05de798d1a284725b4252ae63d6ac42de77f890e1bb84d112529035e3729d90d222d494cb353da8b9fc6b9a9ea8a6e782263129955059e856ea1c4ae858ad431926cb1636227d7badc3ab84ce087a9ea0b7095a8fb4dd8e0394ba948e5a25445a94bad08c751d03752db5686e501757e3a8f1c715ba61304e87a40ea950b2a37b90244f2382a0c975158314347a0c2a94e6a8ad0ba53a6a790421e6acf3b587162c6cacab4db7dbbd85ee10a96973b486c0313d64740915a8116e42aa9a905ab8513af96c608b32e81e19b86dd804ad2daef87647bbefaac610f379b98f0417faad0d255f7b3ae562178d9b6b1a6fb9549ace06ea523a15de1d18b84509ed5ed878a9d4ce5baf176d84a87346cbc00c747c1ba6b07eb182bee84ddec610b9091d2a7c1e7c4ed1d9f91d759cd3b25209691dd31d1d032b5b7061d20642b068833d9c96e6391439056975ca4043a3c31eaa4a77787db519834930b068c350aa4749bd5c52e81e342544d33a6830c68878fda584ff824c50429d53f58b2ee495f0881cb3713b84943605236974e09ca6f0c63f0506daa6a01a7ebc044785da713d3a43da9a96015305f24d7c7c48769a1ccac0e780ebef38f3c9e51c5f8ca3729a3e074ef25d7261a3a17c8c0eb95ca171e3f80651d7e08a628cd3447f62a17bdd300d39ba4d0a224c1f2cc0dcfabc15c5987cbb9d2fef96610fb46227d4bfb031da57a0353d0c9e629737445bb864644c6259c225fd63920bc35b1cb88f0f88f7144b48937be19fd1644daceba80811eb3f11fba3f2fac58efa85cb1a95ba8196586eeb1b2eeb45e5532ec86214890a30e121c989999aedc0adb768592367e03fd939c351d7d9320b8f1ac6184aac6964e9d41ba5683a13a670ff5e75c132ef34c6735b925325f67ffbb05a831b5870883223646a99156dbd7176fbff70d070e42c1f25d0c561b139852a5c97f7a75ed6bf2cbcf80186014bb9b4be61d9c040dc65b21958ac060666389419032d03bee1487fab433139060eb146d638d05dd732b6fcc391c35bd243336ef3e2243a48056e6d0ad3071de4d685831e72ebe2658d874cf82a7a6b436398125ad332ddcb67486b1a1a2f5d03b1b1bd85fc6e4b49063e3d64c8fc45560df306297992fe1c9f47d5f44818646998fefc00833835270e1248d5a8e42328a7c0480168c92a7235a4b84c5f549eafbcc274ae72def94aa842daf41536e34bec09f6042736244382af1436f29547862ff1296404b7d334bc6f86f89b207ceaa9c0873eba2c7359d62ab28aaeca5c95a529b657d9e7dbef95ef49df2b3f9caea62433cb6a4b37d9b3b5b674a3dda14e71808d9a8c1afb301df1246af13dcd936ca8321bd1dc027cec946098e67bd2345a5562225da28d371a79abd7639b9d6cb5b9b28623231e031f0159a6ace6acdd5952d6619a0fd6c8271e9dc9449758d3b8b215ad0f29ed4d7c862ed7b9a69ac64390151909eb267203619d7182cbe5759d36559e77b95c955ceed182473711614cf43ee68367c4e522a6e74dcf8f2f214dd044121db979b9b90e474252b2b5accc629f58568af7cb0447b65aa5523b12a5078cb9ba44db8a8623e9b9f38bcf3f53b234c7fa5073fe8439ea5c933c77f4d9869c8ac95f9edb681be7744e507aa47843e2eaab082694c2dcc869b69885200932d9c641cad7dd93afb1265920de88d302834006910a83a5c403f8a45382e3c0c41f8f2223071293508b672721210129d0a53b13d4a036a9a99a8bf9684e1ce47ab82922af891148bcf033b31989f13a1d549d71b98eba5c4d5567cce5c5889b9ace10c46fb9468a8f8d8c2f491f5489b8322dfdf83e1302c643f0f0bfa3f020a21e35dc8927c764522d31a91575488d9bb345ddafdead96d4774a0f4a618971576a9cda70e49c2757af572d494ab265e13c3989b335aac46c1119ac9c6530d8b212443c6fb95c23823a76e218c6da74b4a9c9552a62c5488f617c9e5473734a536a0bb424bdc6e45425a33c19c1eac928b7f1a8e26ae64cd0d86af44d937877283f7f82602f1e5734215d95aa6d4cbcdada9cbc2ce5db696ac2b42ab556132f5b66ab36d3db54b7c40f986eca7c88ee4b3998f82a7dc3f8a6e91cfd334b34b7a85b34dd38bbcdda67d4bf329e556b24a2d67f8f32ed61bc29aa22a73c73266967d099daf9b606daa06dc5b798cd899b537724fe58fbe3b861cd416d28ee97f40ff454fcb9b824cd093501f509355dcb31cfdd364c5a085f53364a495062b5f05013cde5e666cb26cb2ecb498b64b1a4bf22115cc113e1a472441f8413397add33cb5cce737c553ae12ba27e4963cd4f2f375a49c0bac9bad5caace79292fa35a444b34d434b345b352735cca4f16870269a90e69446a579d460916033df57cced3197183c8605060606934131b0b30662e091683197869aac9afa1417d60fd7da9e9e79e7d7569ace37ad6d4274a669adcb7406d7a8876f29574f022e514d633860214d5e172f33e79a9ad6f6948b4335650aac6d22358d075440285deb5ddbe38a7ea007cbfb2150a3379da33cde5358ae47d0f0039c5fae8e221547e9d15e7a5416ebc5457b71d19e56f43c066db9c5945a9eaa2494eb11000fb70b5c977cbc5e6fa20a8f76e9a4c9c92a95239b4e9c602e2bb55a9c7671eeb3556f92f6f65b96dd5468b3bc70ef9e8f3f7de2bee7cedf42f6caa6d4b6498b6fa4535f0a06dbae49dafc0e216f7c4cd42f3e5ad19833c5730356cdf6c869fa5bb61fc64b1362a73bafccc36b5c9947a7a34b2849e1d58ba4f082478ce9699abc78cecfb31b8723a70e7099919f97522e378e576bf28c76c9ec92c90699ac9689ec2c26848c53a7aecf226d5924cba9a49196b4ee349a66c6538de7e44c53533162444de6e4f22a7eaa8fe1397af598e955a4c697b85c6387bbd46eccd348e3ac59e622998e1baf8e9a4935d7cb6495fc1d99cace71eada2cd29e15cca2594eb38ef0083ff3a4f1a36a349695a6690c9cd4e49939cacb2b2b8d1e59d7d1283eca4f6e1307d3d1a34d55a6a3e672146050fcfc1668dda96e6a36177974e5ee7c5d794a92377e59eefda6ed39729c3a2e3faea0a5acbbacbf4c652c1b268ae7163cc92fea5f341ccd39eafc9de3b59c37dcef4bef3bdecff9d0ad3357b99bdc5d851bdd5bc956ba95f55bfad3fad3fb3336176e2dd21b8991c6316dbc2a23cefdabece71d9a0c664d32675833530bd2dd3bb43be2ee57ee72dc95a333bbf4f9ee39eef965cd65d7145ce3bed9b0d7b1bfec03f67e467c81667c163c4db3888d14134a86892b0c4f170d93344fc2b894acd4a7d3b3d26c69c494a660e6b830f5692b17669bcd390ebd4e32e6092467915f4251f1b8f1781bc7a4a65d9f9a9a32cc667892acc53cb1f4253321e6e3f693f63fd9997d98257974dd46d262ec366e3332e33099e449cd4b4b2db26988c6bd2b8fb4e475e7f5e73125af248fe61dc6bb43295106a3a7138fdabc333de7c4e93ccfcf61c48ee7b0bc188f57384290e427f534cacf549da934559a4e9bce24e08210dee09d312ec7e1c8d1eb92f47add2d86229761a3e9a837054c9f9c3bd3d4434c67ce9d89d2828c6ea203458a563f015cdef125351b3c19f90536c594a052db12ec194455a0c900c5949501ea7c39838823e8ba013f44dc85bf547f61fa22e1cb7ca9c94b7af0ed9b335377915d7417dba5bb4fbfcdb22d6d5bfab68c1dd9f7387615c637799b5c642d60c540355db1a338678bfbfe9cfbdd72931727e749c85752cbb5f9a9e5c413574e11d2a325218dd782d4b8f22264b90568cbe34d59e62a83c21b7c5ec42a22506a794eb4b03aa2281ed11389e5ee94c4a82d73d496d18c2ecce8c25cee56cc7ccc598fd1886ac67266d2a31f3d3770d663d6a31f3dea20a42408b8acfcfcdd0773e38526af97243844f9b1e0734772b2d59284b5290f196a4742999597ab89137273f272274e9854561a2d5f749b3d77fd5533962ab6e63b5f7cbaaf61b5dd92acb7db3376b6d65de91b7dbbb0f0feef4c9a57966032c7b3fda3bfba6be59cc229f9054533db1edcb8232b2e8dccbced8e85e575576fab28bf72edbdc946430ad6b0a4c8a7b4527a06d2c9f9580d73667acc58c3323dbc40e9e253f89344bc2591c889824c34f00a97381cf9cb015eb7903877803fc024f25cc4f331893a8ddb684d928609bee21015541d3b7fe258f199a3bc40e1e7ad11d373c597d7a7d4e478fe706115ade5121ad7e383039c481b235291f02471aa5b4774c67462e94c22b3938870e7c1ad88be75e944a65c45d6f0470e593c85c818e01f85091ee9012e40e26f3fe3b2c4c4cc8ce8e3087f1e71892791aaf3279a9a464cc74c479bf09616bd7961c487408f0154c7973793664aab327724ec483d6239621d4efd2055bd2b936c4e23f3e3e7eb9be39bf59fa7c8aa144b4a5e0ab35a5252d318e14d52fa6ec22c25b1685909a544153f91076d3d8e0f007fb2308b3f29fd25d00d934f3c6e259ec417156786326926102249724ed28244d29f4820d194184a1c493c91782a5195d892b16f337f2cc6a2c06fc4fc6a3ad774c67406eb04be039c3f5d8575c0740645a7494272392098b136f37bf4da9e263c6a7c339659f009586cb3327e97cccdc547e08993264d9e3499cc79edb5b27cfbb4843c477f6d51e3b8ef4fee2d4c2e909e197d65c6f99f7aa715e4b7b69535b7d10ebbb57356ae5ffc7191ff11946eb5ecf8f8e66663e5e79a548df863e283ef663e7bf14fb191d3f8a63317096dec7b39314e6d1fad832b2f2811b8fc23abcaf105e65d98c66e87b92c13da69393e5f034c85f7e96bf214555bd43794f2a757fe4685cfb1c5b01459ff2d7d8c7cceadc077a6e85785002b45cb84a72cd1636294016e8dd10c7ae0ee182d4116d1c46819e9dc18ad826c521ba3d5f06bb23c466ba0844e88d15ab899b6c7683dbd8f7e74616e13e5efc5680246f9508ca6a0967f15a31994cbc763b40446952646cb4827c7681524a87263b41a56a826c7680da4a876c6682dd4a89e88d17a324ff557b44c2486bee2353304cd3364d22c12b44af05b05ad16fc2e416b047dbda0b53c879a3b6234e650f397188d39d45a6334e6509b13a33187dabb6334e6507b2046630eb5bf89d19843edb9188d398c7b3646630ee33e8bd19843dd35828ee3711acc82d6f1d80c59828e17fc22411b045d2168fe66633044e79b88b4d9d020e824a1b35cd01661a747d056c1ffaea053c5d8e87cd385ce0f059d29741e13b44dd0c382ce11fa47053d4ed0d139160afa14a735d1f8ff28e8a8afbf713a5ef08d2a41f3b980d10c3f017c0ac057b4129884540374801ff13c08401742103640b7e0d460af0769defa90df29348a50520dabf1526011f256e0f820f48a9e1fb11fb5d761db8e9a0d285f23b80a5c8178bdd00a20cf8796b8fe0ae8434b3e1cf375ff15ff62b4f2b5f1157842b9efde589c0a4cc4084a603c52fcfb824e68436900e501588e5e0afe85fd7f64ad08cae09a4bc646475e1cb70016a3b7867f197da790f8108222bfeda8b346cc6415f2788cfffeda70ab5dc26274dc12ec75628faf8682710585ae3fe6b90bb9c5c282226c7788192b98a70066b54bc4d529b48bfeed48fe5eafe102552b34d78b5857607f3ece75b9581f2e2dbc106917aeac1f4745bdf6888c71ab6ee42c15fac158f47345de780679d40aae5239ae522978c54c1491576ea74feccf687ea2f95f2e2c06453e78bf5be4608dc8da58de5ac5d8b19cd66156e78a6f8196c7bc8f49bac5fe6a472f6dc262742dd60b5f6dd87eb3df689febb6e17cfbc42cda856e00db7621ef167b7cc385558bfaea8c59688bd98ace9e9f4fe5ef661e10d9dc20ce02ff964711bbadf582af6f8aabebef6cffcfb374d17afb8575ee117b29baabda2eec946f9efdc57d7c795c532fc9019f49742e41e16f6c0f72fbd1b9b62367bd9879409cb06f9e6934d3becbb2ea8f9d8aaf9f0d9ed520eaf589913cda7517766ed40ed7e4dff4ffd335fa89525a52324969e8f02bf3025d81e0866ebf5213e8e90ef4f8829d81ae22a57af56a6551e78a8e60afb2c8dfebef59e76f2f6ae85ce3ef55aef0af571605d6f8ba16f957f4adf6f58c8daff89a5889c92b96fa7b7ad1a632b1a864bc923fafb3ad27d01b581e2cf89afea56a4565d708290a856cc1e2790d5f37dfd9abf894608fafddbfc6d7b34a092cff87b3513abb9420ca96747506fdedcae2a02f88967c5dedc5811e2580921ea52dd0d715ece9f4f716fd232317780dbca9edf1adefec5aa1cc5fbebcb3cdaf1472a35dabfd1b70684f676fa0cbad2ced6c0ba2f9b9be9e767f5750195f5e56ea0df4296b7c1b94be5e3fc683f12f0fa0c4d7ab74fb7bd67406796cad1b44a4754be656a3b44774ba7b02ed7d6d413e8bf51d9d6d1d978c45dcd9d5b6baaf1d8706034a7b676ff76a748053c3519da8d0865ae8be4851c69c07ba566f50f23b0b14ff9a563eeaa2adae31ed6f0c49a8b7f339f7f87b31556d3c2997b817398ed99a2a22c8ef442f41ff1a9ec19e4ef4da1e58dfb53ae0bbd42906ed8b868a8b706135027dc1eebea0d2ee5fc7938b3a1dfed5dd5f9b11ded302a206f8c4e9c2d34ff4b8bb57e2fefe5054fe31d9582d6f8fd668761f1b644fb3230887d861f6d87f9e46fef334f29fa791ff3c8dfce769e4ffdfd3c865b5fc22cd7b9ddf287be7323d7e2e2eadf2d1ddffcd3657a3ce864bfb5296345eaa97664adfc2b6fc320f5d68f71f59e1bfa05d27b2183dd71d24441e6020d6b61ab57a6235c3f74f2c5ca419fcd3cf2168609f0cb171b6aa6a0b3b0d2dec43d8c5de8393081298906342aa0aa11be908821c1961ef0cd5d5957a8611bb8a040ee717941ee282705a46e9d3ec1dfa18e4810d1927c3d67421793b3c7d7a8c9834254a0c8d2b2c3d591dc7de863f2150f6363b893b4d8c1aca2f2a3d5bad470661d7839110b0c16ef61684102878d89b4339b9a5bb8eb09750fe027b1e53c5873d1fd62794a2c15fb29f81196cec09763026393864482885ea5e763b1018c1f604c22984b3081204d823b009612bc27e04098cd8da108a11e6730edbc7f6619c7bf8dfa0b02d4608206c459030858f227f156fd95eb612b271ec6d6c3b58106f617709fc63c469881f447e16e207b0cff1ae58ff7ec45c7e5f8cbf03fb56c4f7c6f03dc84f477cb7f825ba8dfd20d65fc7fac4b8600cef66bde12c9ba93a0be50a420902436a3b52db3175dbf98ec096b01bd96ae169107129e235518ce9da18b63bc41a6d1c4a4e2ddd8d29dd88a9df8899db8899db08128aae1bd3b92eaa53c8ae439deb50e73ad4b90eb352c27ad15f2fffcb0cb62604058161de7b31ef9c1fc27604e184e07f0fdb6d08bb798fadc73c1660549bd9ca70be0d37d98aa1724f69d5936c39a6dac3960fa566966ebdd8d3c6f18d88d810c346aeeb1752ff90369e73fd436999518c5aabaa0dac0dbe83402109db1c840908b508126b0be714db0eb32b608d063c06db26ba896d9236c952492d311f61a5b04003b825cdac102a51a1c0d65c4926b768bbb5fd5a66d22ada12ad47bb402b07d826b695311b2b66556c3e6b6632ff02455d51c6bf4099a9aa28dba6dbad0be946742774724835a23aa13aa53aab92155589caa35aa06a5175abfa55db54bb55da6daa6d6adaa2ebd6f5eb9849a7e84a741edd029d6c5393ddd537b156fe374b6c4d08dd08db1024cc7133f21576354233ae4633a6e26ae403b6803d13c209a44f2196b167443d23ea19916b44ae11f80f6d8c42b200a105a13b26555d908c8de1fa67b904210fa506e4f2bf2a9ec2f62ca710e6604f8f3d3df6f4a875827e85119ab05510162030c13b8580bb06db3159494cde82a012f2b342674ce6e163e9571e5fde4801091590dd05645b01f1545655977ab2b1319bcdcd8e6667737ef31e29e0083803f9813dd27cc77ce7fcfcf97ba42a4795b32abf6a8f54ec287616e717ef916c0e9bd3966fdb236d9dbb7fee91b9c7e74acd73037337cd6593f9cf28c2ae925281b39d1c1f0ca7a6954e36564fa5fb713acdd8ee423889c0c0866d314215420041a2fbb1b5d1c791fb38721f87f908cd08328e789c97176c6d3119e7ef12324e7139bd4cce70e28f852bcae657cfc192db8cb08bf23fb216635b85c0b5a3d47ec10f617b4af0e7c7f4770bbe0ddbb1310c0bdc3251e696e1f15b86c57f1934237423c8709c5d8937872bb9656c6d08dd08fb1124b60caf2bd995f471bc1ea38f31b7473fde6203ab15ef33e6048da9da44e3710fe8c95ed1de2bdacda2ad126d8ec73047ffc51cfdcfe7e86f9ea3cf4382e6e32d4f4fb68bd6eed155eb0f54ebe757eb0baaf5682d19eca0a716d1aa784b3e16ed15a2757b92ecfabfdaf57fb6eb3fb5eb7f64d7afb5ebbf65e7e332f0ecea69926875bc25778b768e68733d3a9bfe399bfe4a9b7eb24d5fad273b097a87e9a2cd126d3a6fc967078cb546d03e493ec3276d3d25e1ca02db30058148245c598d68345c3913d1f970e54e447f0b57de657b8afc95885b1af9229c73da566d21e7c86c89f7ff1cc39f92d9b00ff159c42b103f0c95c489f8c7e1ca1bb8fe4338fe3eec3f08d91aaeff002c10e37691d982ffa3d8b81f86ddade8f5feb07b037abd0fdcc2eb3d61f769e4de15766f467467d8bd1ad1d6b09307b8325c39ce569d4056400ee5ba6de0a43c92b9318fb3d0f26ac433a383ebc26e3eaa963b18263561c77844793ccaa78803160877b6b0434c32131cc244063844d0e9e014d8408c22783d640bac093b6e402baa03ced3b6ff5bf9249f387c4e8ce19db6779fc2f92dc5ee7f93d9e17db6970ff174856dc7ddc3c4f984edd78e276dbfc819264bc3b611f7b0060547dcc3941cb40d629243a84bc913b6fdee15b6c71d42bac781525cea5d9585b6fb1dcb6c3b9cd80fdb6e703fc5c3803538e3a528f6baa7d9e656eeb3cd700e13147b2ad19927ce56e1e8b195237bca30993db4cf363e679887528236f63d611b871e731d229425930fd389a0267d1eb73aa86e552f552f544f5597a90bd58a3a539da14ed29835268d4113af89d368342a8da4a11ad0240d474e795cfc0baf249549fc9f1b89b792a04d94b734faed1f251a8a672794c8ea69fde2e92464ae87fa86e9a1c9aefa61756451688aab3ea459f0edc64142eef0622f446f1d26d0d0881b94b36e4ae7bfa93e048414df747b3ac7d7dd74bbd74bea43236d50dfaa84be588cf3885bb82c243ba6a780755d554a95795a42f98cda6f685a62ed255fe6a75cf6d57e4a66e8eefac58da14733bda1524e4432bdf5a199fcd7d887e85a1aa8ab3d44bb39f2361e22d7d2b5758b389f5c5bebbda006d9b41bd5a09223ae3604d95c0db2c990509b2bd4709b66d7d50e666747959e25b3b9126e9f6785d28aa8ad1c7481b61670846a340b7284ad1c9ac5d5703f448d192f35160fc4288c19e34118cbe04a834e27aab89d5c6570b21315069d938578df45b1c3190dc70b4ee1c749bcc20f211775f2a33ab80b623a54833afff41713ffeec73ffddf502643bedfb7b7f1dfc4b738eafc082da12deb3a5242fdad8a32d8fefbd88fe5735b5adb3a38f6f943bf77f86b43ed8e5a65d0d7f60de2362ef6396a07a1adaea171b0cde3af0dfb3cbe3a87afd63bf4f0a69afacb7c6dbee0ab66d33718dbc48dd5705f0fd77f83b89e8b1fe6beeab9af7aeeeb61cfc3c257fda2e9a47e41e3a006a6f35fce083c447571781e5ad2eddee95653f7347138a6da53ae4f3f2c01deb6742e6f28de313da447e0a2c2eac26a2ec2d3c94506febf1e62a294eba7dad30f93bd319109d9098ee9e08294baceda0bff7a7b7b831cfafa5cd806fb52042f8887d6beb83e3483ff46bb32545917f2b4d47ac5af2cfa629f9a468fe948e5f14a1aa8dc54b9b57257e5fe4ab9afcf8b6cf391ece3d9b4393b90bd297b6bf6aeecfdd92a2eb8aaf1094fe5aeec3f65b33edc4d24889fba5ae1b30f31fee3dd605f2fff003ae84588ba73f5b96a1aabb3a10d9f76093e991742228203a10c6131820cff85ed2b08ef22fc1941821bb1bd0be1218421ce6185acb02ea5b3967bf4ba78d14961a54325134ba70c23f62d8fe2c5cba2b8ee8a28aeac2e4d411cae2a8bab36e2833781c3d8be80f026c247087f439059292b15c6fba2bbd6db0bbd2e82e1f3df1a0579d3eb0a8a1f3e129eee60afcb05bde2272bc808725517b97cdf03e9ed034c052e08225412dc5e3eac8fe3b10f176029fe7f4b4075e10a656e6473747265616d0a656e646f626a0a0a382030206f626a0a393238340a656e646f626a0a0a392030206f626a0a3c3c2f547970652f466f6e7444657363726970746f722f466f6e744e616d652f4241414141412b54696d65734e6577526f6d616e50534d540a2f466c61677320340a2f466f6e7442426f785b2d353638202d333036203230303020313030375d2f4974616c6963416e676c6520300a2f417363656e74203839310a2f44657363656e74202d3231360a2f43617048656967687420313030360a2f5374656d562038300a2f466f6e7446696c65322037203020520a3e3e0a656e646f626a0a0a31302030206f626a0a3c3c2f4c656e677468203234302f46696c7465722f466c6174654465636f64653e3e0a73747265616d0a789c5d50cb6ac33010bceb2bf6981c826cc7692f461012023ef441dd7e802cad5d412d09593ef8efbb92d3167a9098617686d9e597f6da5a13f96b70aac30883b13ae0ec96a0107a1c8d656505daa87867f95793f48c93b75be788536b07d7348cbf9136c7b0c2eeac5d8f7bc65f82c660ec08bb8f4b47bc5bbcffc2096d848209011a07ca7992fe594ec8b3ebd06a924d5c0f64f91b785f3d429579b955514ee3eca5c220ed88ac290a01cded26185afd4fab37473fa84f1968b2a4c9a238d5827095f1c329e163c68fc784eb0dd739efee4cc969f59fc6a09610a86dbe4fae990a1a8bbf27f4ce27577edfb79774620a656e6473747265616d0a656e646f626a0a0a31312030206f626a0a3c3c2f547970652f466f6e742f537562747970652f54727565547970652f42617365466f6e742f4241414141412b54696d65734e6577526f6d616e50534d540a2f46697273744368617220300a2f4c6173744368617220340a2f5769647468735b37373720363130203434332033383920323737205d0a2f466f6e7444657363726970746f722039203020520a2f546f556e69636f6465203130203020520a3e3e0a656e646f626a0a0a31322030206f626a0a3c3c2f4631203131203020520a3e3e0a656e646f626a0a0a31332030206f626a0a3c3c2f466f6e74203132203020520a2f584f626a6563743c3c2f5472342034203020523e3e0a2f4578744753746174653c3c2f454753352035203020523e3e0a2f50726f635365745b2f5044462f546578742f496d616765432f496d616765492f496d616765425d0a3e3e0a656e646f626a0a0a312030206f626a0a3c3c2f547970652f506167652f506172656e742036203020522f5265736f7572636573203133203020522f4d65646961426f785b30203020353935203834325d2f47726f75703c3c2f532f5472616e73706172656e63792f43532f4465766963655247422f4920747275653e3e2f436f6e74656e74732032203020523e3e0a656e646f626a0a0a362030206f626a0a3c3c2f547970652f50616765730a2f5265736f7572636573203133203020520a2f4d65646961426f785b203020302035393520383432205d0a2f4b6964735b203120302052205d0a2f436f756e7420313e3e0a656e646f626a0a0a31342030206f626a0a3c3c2f547970652f436174616c6f672f50616765732036203020520a2f4f70656e416374696f6e5b3120302052202f58595a206e756c6c206e756c6c20305d0a2f4c616e6728656e290a3e3e0a656e646f626a0a0a31352030206f626a0a3c3c2f43726561746f723c464546463030353730303732303036393030373430303635303037323e0a2f50726f64756365723c464546463030344330303639303036323030373230303635303034463030363630303636303036393030363330303635303032303030333430303245303033313e0a2f4372656174696f6e4461746528443a32303134303432363130323732332b303327303027293e3e0a656e646f626a0a0a787265660a302031360a303030303030303030302036353533352066200a30303030303130363832203030303030206e200a30303030303030303139203030303030206e200a30303030303030323038203030303030206e200a30303030303030323238203030303030206e200a30303030303030343036203030303030206e200a30303030303130383235203030303030206e200a30303030303030343436203030303030206e200a30303030303039383135203030303030206e200a30303030303039383336203030303030206e200a30303030303130303335203030303030206e200a30303030303130333435203030303030206e200a30303030303130353234203030303030206e200a30303030303130353537203030303030206e200a30303030303130393234203030303030206e200a30303030303131303138203030303030206e200a747261696c65720a3c3c2f53697a652031362f526f6f74203134203020520a2f496e666f203135203020520a2f4944205b203c35333446454536373443444236424538333137303544353335464445453734353e0a3c35333446454536373443444236424538333137303544353335464445453734353e205d0a2f446f63436865636b73756d202f37334436413939394233424438314333443530363345344336303038413743360a3e3e0a7374617274787265660a31313139330a2525454f460a'),  
  (2, 'application/pdf', X'255044462d312e340a25c3a4c3bcc3b6c39f0a322030206f626a0a3c3c2f4c656e6774682033203020522f46696c7465722f466c6174654465636f64653e3e0a73747265616d0a789c2589bd0a02311006fb7d8aaf164c76637e4e0829c453b00b2e58889d7a9dc7e50a5fdf800c0c03c346f0a5050cee15f6c1380c5ecc80f6a2db069fffebb4890e4a21f695923711fa843d09c441dff7cc5252caecca3666de952e5f1e7aa151a952c5023b9eaf01d30aabcde338a3d20f8dbb1ba40a656e6473747265616d0a656e646f626a0a0a332030206f626a0a3131380a656e646f626a0a0a342030206f626a0a3c3c2f547970652f584f626a6563740a2f537562747970652f466f726d0a2f42426f785b202d33332034323020363239203432302e31205d0a2f47726f75703c3c2f532f5472616e73706172656e63792f43532f4465766963655247422f4b20747275653e3e0a2f4c656e67746820380a2f46696c7465722f466c6174654465636f64650a3e3e0a73747265616d0a789c0300000000010a656e6473747265616d0a656e646f626a0a0a352030206f626a0a3c3c2f434120302e350a2020202f636120302e350a3e3e0a656e646f626a0a0a372030206f626a0a3c3c2f4c656e6774682038203020522f46696c7465722f466c6174654465636f64652f4c656e677468312031353838343e3e0a73747265616d0a789ced7b796054d5d5f8b9f7be374b26b3649299ec9937994c1666b290b025a4644212b6806c0133d4984c92818425139209881589b52e0415aa54455b402d4a45cb640236a096e8476d5d2858ad557f55f013ad1b2d5af4d756c9fccebd3361b1b6fdfad7ef8faff338f79c7bceb9e79c7beebde7bd9719823d7d7e88877e60e0695be3eb4e92250a002f011073dbbaa0627db32c1de95300ea379777af58d3f3d81b0e00ed5300f2e08ad51b96efbcf1d56b008cdd00f1cf75f87dedfd1dc506808c296863520732ea4737a8b18f72c8e95813bc268b46ccd8df8efda4d581365f509b25637f2ff6e3d7f8aee95e202fe1fd03d857ba7c6bfcaf5edf9780fd5701124e74077a8380810214fd98cbbb7bfcdd1f3dff4931f68f620c75c82378f14f3c922adea74c82ffcd1ff90e84b96043c860db01d732f20ec269840f46e744be925781637465e4144b44e5c76300e084bb6117e4c059321e9e851198030f43352c80ed30138ec37e30c006f22248e0805ad80b4e62030a332099c8b003de80aba007de8353900ff5f03631a39d3ae8062b94473ec4b61e6e8d1c42ad38a8819fc261b29a2c8662a467513771a1e7ad91114886fcc8b1c8ebd8fb11bc47722283300ba9f72101f260137c1fccb0125e887c8591e6402b3c42ae231f821d5a608b34411a88ac82a970107e4bea919a071be4d7b50761358e7a88249391c8c9c81fe0e712013f5afa2edc8a1187618416b11a793728900bdf822bc087d2efc01b24918c679e485e647a6407721f81cfa88b3ec7d418870b664333dc0e0f60365e83d3f039d19189e447641f5e2f933fcaaf636cf5d007d7e2d9fa1166ef11780c0e91f1643c4da6c998ad6428802528db0a7bd0ff109c20f5c44b46c8336c8f5c325a15498a58227f8844601c346284bbe019f4718e94a00e7a60d92c28654941b9f4fc0d38c376f8219c8097318eb731ef9fc35fc838bcdea1d7d34d912b237b23ef612c1ab0c1145808cb2000eb603d3c88abfa2c1c854fc997548b9ac7a55fc8d7ca672377626e73613ac63e1fb517a3ed2db84a6118c6eb359c650251701653c81564115941b692bbc9307983bc4155d44ed7d28f5888bdc87e2f4d92e548055ab24216fa75c095d0812b703d66fb4e9cef5ef8053c4f2c249714e28c5ec3f15fd0a9b416af87e871fa36bb896d95be926f1e3d35faf1e897910150e32e9b8979e88347310b7f22568ca180ac24bde45d8c7c1b3dc00cccc41c6c22ab660dcccb6e65dbd9afd8afa51e699ff4a63c5bf6c9fbd4bed1aed19723f591ef01af122a8c2b0fdc300126e3fe598ebb6915c6d78d570f5c0737c000dc81fbe54ed80dfb70de47e079f82dbc059fe00a00b163cc9de87d0deeba9bc81d78ed208f9167c82fc8f3e41df205bf68365ef97412ada23574065d416fc26b3b3d415fa31fb00cd6c636b17ebc76b227d81b12489214914bf19a256f911f51bda8ce57cf52b76a5efaeaccf971e7bde7df1e85d1b4d16f8fde3dfacce81f224b231b307e27144211467a0b46b903f7e01ebc1ec59df8043c87b5fb7722d6cf082532eef814e2c0dde0c655ab2233c96cbce69185782dc1eb4ab20c2f1f69251d786d22fde4bbe446f23d723bf981b8eec5b9ed213f214fe0f5337218afdf9293e47df211f98ce226a60c77b393e6d1625a8e33ada133e97cba08af1534805737eda1eb70851ea143f4107d8d2532272b643eb696ed603f65cfb257d95f252ab9a562a9525a2aad906e948e4b2f4baf4b5fca36b94eee9077cacfaad25513544b542b55f7aaf6ab3e507da556a917a85bd5d7a95f5547344eac56bfc4791fbcace415ab8e935e3949ba869ec47391c2bae55bc812cc988a36b0d5ec0ef61b793939cb14f22619609d6c55e4213683fe8505c8527a8464339b5cc196c36d1021fbe83bf41cfd8364210df443922f7d9ffc8c06580d5589bafa8a64916e943f00a0bf830aba918cd05fb01bd98d91a7a142de494eca3be9cba048a768229cc4537d0bbd0707fd9a76d22dd0284d90bf844eccfb4fe46b30dfd3e8ad641c7b55da09ef3107fd33394beec6aa718ccc9172e8d5b49cecc38a7b9e64c119b216bac90fc0439e246f916120642f7b84cca5f1b85a21aa2793f1d6778cd9c9ab2c0ebc3c46924b2d64013d4b97b0a75427d84442b04afc06ae258c94e0de19fb8c42179e80ed340f6b5a1d5693574829a4c03d58efcf8d3ec52bb6fcbabc05f7d903cc0d8ba0049ae88b508167e33dbc1ae1662885c3b8076f85127a2f5c17e927ed58f7e761fda4304c564231d161b54cc6d836e1fdc24ab3b11636a3d7bf60fd7f01ab7e3df923ac270a9eac11c897b8e436a90e2b530bd6df2d78b54313f67e0877aa0ecaafc07c920c2029a33b7197ff1eaec67bcebbe83f0d2a31be65f080e4c6a815accc6b71c40f47678107af9be145426123c63c0dcff902691656debb232b71869d788f9a8bf7c4e7a133720fd4e0da2d8adc18d902cd91072257c10a581cd98bf5775d240c93e016d94b97ca2e6902d6d8e7c951bc1ffd1fb205ebf62c7813eb9193a4c04778fd14e39f263f0903d2efb07656456e8bfc162c988f6ccc502bde454fc31af823e66d161b81b2d12be8606406ebc63bd44958187924622371d011598d95f729d8a396b1f6f44396bc07f7ee1669392dc1780bc04a8a917b95bc0bc0337d4983a76adab72aa756944f993c69e284b2d2f125c545856ed7b882fcbc5c678e23dbaed8b23233d2d3525392ad4989e60493d1a08fd7c569356a952c314ac05de798d1a284725b4252ae63d6ac42de77f890e1bb84d112529035e3729d90d222d494cb353da8b9fc6b9a9ea8a6e782263129955059e856ea1c4ae858ad431926cb1636227d7badc3ab84ce087a9ea0b7095a8fb4dd8e0394ba948e5a25445a94bad08c751d03752db5686e501757e3a8f1c715ba61304e87a40ea950b2a37b90244f2382a0c975158314347a0c2a94e6a8ad0ba53a6a790421e6acf3b587162c6cacab4db7dbbd85ee10a96973b486c0313d64740915a8116e42aa9a905ab8513af96c608b32e81e19b86dd804ad2daef87647bbefaac610f379b98f0417faad0d255f7b3ae562178d9b6b1a6fb9549ace06ea523a15de1d18b84509ed5ed878a9d4ce5baf176d84a87346cbc00c747c1ba6b07eb182bee84ddec610b9091d2a7c1e7c4ed1d9f91d759cd3b25209691dd31d1d032b5b7061d20642b068833d9c96e6391439056975ca4043a3c31eaa4a77787db519834930b068c350aa4749bd5c52e81e342544d33a6830c68878fda584ff824c50429d53f58b2ee495f0881cb3713b84943605236974e09ca6f0c63f0506daa6a01a7ebc044785da713d3a43da9a96015305f24d7c7c48769a1ccac0e780ebef38f3c9e51c5f8ca3729a3e074ef25d7261a3a17c8c0eb95ca171e3f80651d7e08a628cd3447f62a17bdd300d39ba4d0a224c1f2cc0dcfabc15c5987cbb9d2fef96610fb46227d4bfb031da57a0353d0c9e629737445bb864644c6259c225fd63920bc35b1cb88f0f88f7144b48937be19fd1644daceba80811eb3f11fba3f2fac58efa85cb1a95ba8196586eeb1b2eeb45e5532ec86214890a30e121c989999aedc0adb768592367e03fd939c351d7d9320b8f1ac6184aac6964e9d41ba5683a13a670ff5e75c132ef34c6735b925325f67ffbb05a831b5870883223646a99156dbd7176fbff70d070e42c1f25d0c561b139852a5c97f7a75ed6bf2cbcf80186014bb9b4be61d9c040dc65b21958ac060666389419032d03bee1487fab433139060eb146d638d05dd732b6fcc391c35bd243336ef3e2243a48056e6d0ad3071de4d685831e72ebe2658d874cf82a7a6b436398125ad332ddcb67486b1a1a2f5d03b1b1bd85fc6e4b49063e3d64c8fc45560df306297992fe1c9f47d5f44818646998fefc00833835270e1248d5a8e42328a7c0480168c92a7235a4b84c5f549eafbcc274ae72def94aa842daf41536e34bec09f6042736244382af1436f29547862ff1296404b7d334bc6f86f89b207ceaa9c0873eba2c7359d62ab28aaeca5c95a529b657d9e7dbef95ef49df2b3f9caea62433cb6a4b37d9b3b5b674a3dda14e71808d9a8c1afb301df1246af13dcd936ca8321bd1dc027cec946098e67bd2345a5562225da28d371a79abd7639b9d6cb5b9b28623231e031f0159a6ace6acdd5952d6619a0fd6c8271e9dc9449758d3b8b215ad0f29ed4d7c862ed7b9a69ac64390151909eb267203619d7182cbe5759d36559e77b95c955ceed182473711614cf43ee68367c4e522a6e74dcf8f2f214dd044121db979b9b90e474252b2b5accc629f58568af7cb0447b65aa5523b12a5078cb9ba44db8a8623e9b9f38bcf3f53b234c7fa5073fe8439ea5c933c77f4d9869c8ac95f9edb681be7744e507aa47843e2eaab082694c2dcc869b69885200932d9c641cad7dd93afb1265920de88d302834006910a83a5c403f8a45382e3c0c41f8f2223071293508b672721210129d0a53b13d4a036a9a99a8bf9684e1ce47ab82922af891148bcf033b31989f13a1d549d71b98eba5c4d5567cce5c5889b9ace10c46fb9468a8f8d8c2f491f5489b8322dfdf83e1302c643f0f0bfa3f020a21e35dc8927c764522d31a91575488d9bb345ddafdead96d4774a0f4a618971576a9cda70e49c2757af572d494ab265e13c3989b335aac46c1119ac9c6530d8b212443c6fb95c23823a76e218c6da74b4a9c9552a62c5488f617c9e5473734a536a0bb424bdc6e45425a33c19c1eac928b7f1a8e26ae64cd0d86af44d937877283f7f82602f1e5734215d95aa6d4cbcdada9cbc2ce5db696ac2b42ab556132f5b66ab36d3db54b7c40f986eca7c88ee4b3998f82a7dc3f8a6e91cfd334b34b7a85b34dd38bbcdda67d4bf329e556b24a2d67f8f32ed61bc29aa22a73c73266967d099daf9b606daa06dc5b798cd899b537724fe58fbe3b861cd416d28ee97f40ff454fcb9b824cd093501f509355dcb31cfdd364c5a085f53364a495062b5f05013cde5e666cb26cb2ecb498b64b1a4bf22115cc113e1a472441f8413397add33cb5cce737c553ae12ba27e4963cd4f2f375a49c0bac9bad5caace79292fa35a444b34d434b345b352735cca4f16870269a90e69446a579d460916033df57cced3197183c8605060606934131b0b30662e091683197869aac9afa1417d60fd7da9e9e79e7d7569ace37ad6d4274a669adcb7406d7a8876f29574f022e514d633860214d5e172f33e79a9ad6f6948b4335650aac6d22358d075440285deb5ddbe38a7ea007cbfb2150a3379da33cde5358ae47d0f0039c5fae8e221547e9d15e7a5416ebc5457b71d19e56f43c066db9c5945a9eaa2494eb11000fb70b5c977cbc5e6fa20a8f76e9a4c9c92a95239b4e9c602e2bb55a9c7671eeb3556f92f6f65b96dd5468b3bc70ef9e8f3f7de2bee7cedf42f6caa6d4b6498b6fa4535f0a06dbae49dafc0e216f7c4cd42f3e5ad19833c5730356cdf6c869fa5bb61fc64b1362a73bafccc36b5c9947a7a34b2849e1d58ba4f082478ce9699abc78cecfb31b8723a70e7099919f97522e378e576bf28c76c9ec92c90699ac9689ec2c26848c53a7aecf226d5924cba9a49196b4ee349a66c6538de7e44c53533162444de6e4f22a7eaa8fe1397af598e955a4c697b85c6387bbd46eccd348e3ac59e622998e1baf8e9a4935d7cb6495fc1d99cace71eada2cd29e15cca2594eb38ef0083ff3a4f1a36a349695a6690c9cd4e49939cacb2b2b8d1e59d7d1283eca4f6e1307d3d1a34d55a6a3e672146050fcfc1668dda96e6a36177974e5ee7c5d794a92377e59eefda6ed39729c3a2e3faea0a5acbbacbf4c652c1b268ae7163cc92fea5f341ccd39eafc9de3b59c37dcef4bef3bdecff9d0ad3357b99bdc5d851bdd5bc956ba95f55bfad3fad3fb3336176e2dd21b8991c6316dbc2a23cefdabece71d9a0c664d32675833530bd2dd3bb43be2ee57ee72dc95a333bbf4f9ee39eef965cd65d7145ce3bed9b0d7b1bfec03f67e467c81667c163c4db3888d14134a86892b0c4f170d93344fc2b894acd4a7d3b3d26c69c494a660e6b830f5692b17669bcd390ebd4e32e6092467915f4251f1b8f1781bc7a4a65d9f9a9a32cc667892acc53cb1f4253321e6e3f693f63fd9997d98257974dd46d262ec366e3332e33099e449cd4b4b2db26988c6bd2b8fb4e475e7f5e73125af248fe61dc6bb43295106a3a7138fdabc333de7c4e93ccfcf61c48ee7b0bc188f57384290e427f534cacf549da934559a4e9bce24e08210dee09d312ec7e1c8d1eb92f47add2d86229761a3e9a837054c9f9c3bd3d4434c67ce9d89d2828c6ea203458a563f015cdef125351b3c19f90536c594a052db12ec194455a0c900c5949501ea7c39838823e8ba013f44dc85bf547f61fa22e1cb7ca9c94b7af0ed9b335377915d7417dba5bb4fbfcdb22d6d5bfab68c1dd9f7387615c637799b5c642d60c540355db1a338678bfbfe9cfbdd72931727e749c85752cbb5f9a9e5c413574e11d2a325218dd782d4b8f22264b90568cbe34d59e62a83c21b7c5ec42a22506a794eb4b03aa2281ed11389e5ee94c4a82d73d496d18c2ecce8c25cee56cc7ccc598fd1886ac67266d2a31f3d3770d663d6a31f3dea20a42408b8acfcfcdd0773e38526af97243844f9b1e0734772b2d59284b5290f196a4742999597ab89137273f272274e9854561a2d5f749b3d77fd5533962ab6e63b5f7cbaaf61b5dd92acb7db3376b6d65de91b7dbbb0f0feef4c9a57966032c7b3fda3bfba6be59cc229f9054533db1edcb8232b2e8dccbced8e85e575576fab28bf72edbdc946430ad6b0a4c8a7b4527a06d2c9f9580d73667acc58c3323dbc40e9e253f89344bc2591c889824c34f00a97381cf9cb015eb7903877803fc024f25cc4f331893a8ddb684d928609bee21015541d3b7fe258f199a3bc40e1e7ad11d373c597d7a7d4e478fe706115ade5121ad7e383039c481b235291f02471aa5b4774c67462e94c22b3938870e7c1ad88be75e944a65c45d6f0470e593c85c818e01f85091ee9012e40e26f3fe3b2c4c4cc8ce8e3087f1e71892791aaf3279a9a464cc74c479bf09616bd7961c487408f0154c7973793664aab327724ec483d6239621d4efd2055bd2b936c4e23f3e3e7eb9be39bf59fa7c8aa144b4a5e0ab35a5252d318e14d52fa6ec22c25b1685909a544153f91076d3d8e0f007fb2308b3f29fd25d00d934f3c6e259ec417156786326926102249724ed28244d29f4820d194184a1c493c91782a5195d892b16f337f2cc6a2c06fc4fc6a3ad774c67406eb04be039c3f5d8575c0740645a7494272392098b136f37bf4da9e263c6a7c339659f009586cb3327e97cccdc547e08993264d9e3499cc79edb5b27cfbb4843c477f6d51e3b8ef4fee2d4c2e909e197d65c6f99f7aa715e4b7b69535b7d10ebbb57356ae5ffc7191ff11946eb5ecf8f8e66663e5e79a548df863e283ef663e7bf14fb191d3f8a63317096dec7b39314e6d1fad832b2f2811b8fc23abcaf105e65d98c66e87b92c13da69393e5f034c85f7e96bf214555bd43794f2a757fe4685cfb1c5b01459ff2d7d8c7cceadc077a6e85785002b45cb84a72cd1636294016e8dd10c7ae0ee182d4116d1c46819e9dc18ad826c521ba3d5f06bb23c466ba0844e88d15ab899b6c7683dbd8f7e74616e13e5efc5680246f9508ca6a0967f15a31994cbc763b40446952646cb4827c7681524a87263b41a56a826c7680da4a876c6682dd4a89e88d17a324ff557b44c2486bee2353304cd3364d22c12b44af05b05ad16fc2e416b047dbda0b53c879a3b6234e650f397188d39d45a6334e6509b13a33187dabb6334e6507b2046630eb5bf89d19843edb9188d398c7b3646630ee33e8bd19843dd35828ee3711acc82d6f1d80c59828e17fc22411b045d2168fe66633044e79b88b4d9d020e824a1b35cd01661a747d056c1ffaea053c5d8e87cd385ce0f059d29741e13b44dd0c382ce11fa47053d4ed0d139160afa14a735d1f8ff28e8a8afbf713a5ef08d2a41f3b980d10c3f017c0ac057b4129884540374801ff13c08401742103640b7e0d460af0769defa90df29348a50520dabf1526011f256e0f820f48a9e1fb11fb5d761db8e9a0d285f23b80a5c8178bdd00a20cf8796b8fe0ae8434b3e1cf375ff15ff62b4f2b5f1157842b9efde589c0a4cc4084a603c52fcfb824e68436900e501588e5e0afe85fd7f64ad08cae09a4bc646475e1cb70016a3b7867f197da790f8108222bfeda8b346cc6415f2788cfffeda70ab5dc26274dc12ec75628faf8682710585ae3fe6b90bb9c5c282226c7788192b98a70066b54bc4d529b48bfeed48fe5eafe102552b34d78b5857607f3ece75b9581f2e2dbc106917aeac1f4745bdf6888c71ab6ee42c15fac158f47345de780679d40aae5239ae522978c54c1491576ea74feccf687ea2f95f2e2c06453e78bf5be4608dc8da58de5ac5d8b19cd66156e78a6f8196c7bc8f49bac5fe6a472f6dc262742dd60b5f6dd87eb3df689febb6e17cfbc42cda856e00db7621ef167b7cc385558bfaea8c59688bd98ace9e9f4fe5ef661e10d9dc20ce02ff964711bbadf582af6f8aabebef6cffcfb374d17afb8575ee117b29baabda2eec946f9efdc57d7c795c532fc9019f49742e41e16f6c0f72fbd1b9b62367bd9879409cb06f9e6934d3becbb2ea8f9d8aaf9f0d9ed520eaf589913cda7517766ed40ed7e4dff4ffd335fa89525a52324969e8f02bf3025d81e0866ebf5213e8e90ef4f8829d81ae22a57af56a6551e78a8e60afb2c8dfebef59e76f2f6ae85ce3ef55aef0af571605d6f8ba16f957f4adf6f58c8daff89a5889c92b96fa7b7ad1a632b1a864bc923fafb3ad27d01b581e2cf89afea56a4565d708290a856cc1e2790d5f37dfd9abf894608fafddbfc6d7b34a092cff87b3513abb9420ca96747506fdedcae2a02f88967c5dedc5811e2580921ea52dd0d715ece9f4f716fd232317780dbca9edf1adefec5aa1cc5fbebcb3cdaf1472a35dabfd1b70684f676fa0cbad2ced6c0ba2f9b9be9e767f5750195f5e56ea0df4296b7c1b94be5e3fc683f12f0fa0c4d7ab74fb7bd67406796cad1b44a4754be656a3b44774ba7b02ed7d6d413e8bf51d9d6d1d978c45dcd9d5b6baaf1d8706034a7b676ff76a748053c3519da8d0865ae8be4851c69c07ba566f50f23b0b14ff9a563eeaa2adae31ed6f0c49a8b7f339f7f87b31556d3c2997b817398ed99a2a22c8ef442f41ff1a9ec19e4ef4da1e58dfb53ae0bbd42906ed8b868a8b706135027dc1eebea0d2ee5fc7938b3a1dfed5dd5f9b11ded302a206f8c4e9c2d34ff4b8bb57e2fefe5054fe31d9582d6f8fd668761f1b644fb3230887d861f6d87f9e46fef334f29fa791ff3c8dfce769e4ffdfd3c865b5fc22cd7b9ddf287be7323d7e2e2eadf2d1ddffcd3657a3ce864bfb5296345eaa97664adfc2b6fc320f5d68f71f59e1bfa05d27b2183dd71d24441e6020d6b61ab57a6235c3f74f2c5ca419fcd3cf2168609f0cb171b6aa6a0b3b0d2dec43d8c5de8393081298906342aa0aa11be908821c1961ef0cd5d5957a8611bb8a040ee717941ee282705a46e9d3ec1dfa18e4810d1927c3d67421793b3c7d7a8c9834254a0c8d2b2c3d591dc7de863f2150f6363b893b4d8c1aca2f2a3d5bad470661d7839110b0c16ef61684102878d89b4339b9a5bb8eb09750fe027b1e53c5873d1fd62794a2c15fb29f81196cec09763026393864482885ea5e763b1018c1f604c22984b3081204d823b009612bc27e04098cd8da108a11e6730edbc7f6619c7bf8dfa0b02d4608206c459030858f227f156fd95eb612b271ec6d6c3b58106f617709fc63c469881f447e16e207b0cff1ae58ff7ec45c7e5f8cbf03fb56c4f7c6f03dc84f477cb7f825ba8dfd20d65fc7fac4b8600cef66bde12c9ba93a0be50a420902436a3b52db3175dbf98ec096b01bd96ae169107129e235518ce9da18b63bc41a6d1c4a4e2ddd8d29dd88a9df8899db8899db08128aae1bd3b92eaa53c8ae439deb50e73ad4b90eb352c27ad15f2fffcb0cb62604058161de7b31ef9c1fc27604e184e07f0fdb6d08bb798fadc73c1660549bd9ca70be0d37d98aa1724f69d5936c39a6dac3960fa566966ebdd8d3c6f18d88d810c346aeeb1752ff90369e73fd436999518c5aabaa0dac0dbe83402109db1c840908b508126b0be714db0eb32b608d063c06db26ba896d9236c952492d311f61a5b04003b825cdac102a51a1c0d65c4926b768bbb5fd5a66d22ada12ad47bb402b07d826b695311b2b66556c3e6b6632ff02455d51c6bf4099a9aa28dba6dbad0be946742774724835a23aa13aa53aab92155589caa35aa06a5175abfa55db54bb55da6daa6d6adaa2ebd6f5eb9849a7e84a741edd029d6c5393ddd537b156fe374b6c4d08dd08db1024cc7133f21576354233ae4633a6e26ae403b6803d13c209a44f2196b167443d23ea19916b44ae11f80f6d8c42b200a105a13b26555d908c8de1fa67b904210fa506e4f2bf2a9ec2f62ca710e6604f8f3d3df6f4a875827e85119ab05510162030c13b8580bb06db3159494cde82a012f2b342674ce6e163e9571e5fde4801091590dd05645b01f1545655977ab2b1319bcdcd8e6667737ef31e29e0083803f9813dd27cc77ce7fcfcf97ba42a4795b32abf6a8f54ec287616e717ef916c0e9bd3966fdb236d9dbb7fee91b9c7e74acd73037337cd6593f9cf28c2ae925281b39d1c1f0ca7a6954e36564fa5fb713acdd8ee423889c0c0866d314215420041a2fbb1b5d1c791fb38721f87f908cd08328e789c97176c6d3119e7ef12324e7139bd4cce70e28f852bcae657cfc192db8cb08bf23fb216635b85c0b5a3d47ec10f617b4af0e7c7f4770bbe0ddbb1310c0bdc3251e696e1f15b86c57f1934237423c8709c5d8937872bb9656c6d08dd08fb1124b60caf2bd995f471bc1ea38f31b7473fde6203ab15ef33e6048da9da44e3710fe8c95ed1de2bdacda2ad126d8ec73047ffc51cfdcfe7e86f9ea3cf4382e6e32d4f4fb68bd6eed155eb0f54ebe757eb0baaf5682d19eca0a716d1aa784b3e16ed15a2757b92ecfabfdaf57fb6eb3fb5eb7f64d7afb5ebbf65e7e332f0ecea69926875bc25778b768e68733d3a9bfe399bfe4a9b7eb24d5fad273b097a87e9a2cd126d3a6fc967078cb546d03e493ec3276d3d25e1ca02db30058148245c598d68345c3913d1f970e54e447f0b57de657b8afc95885b1af9229c73da566d21e7c86c89f7ff1cc39f92d9b00ff159c42b103f0c95c489f8c7e1ca1bb8fe4338fe3eec3f08d91aaeff002c10e37691d982ffa3d8b81f86ddade8f5feb07b037abd0fdcc2eb3d61f769e4de15766f467467d8bd1ad1d6b09307b8325c39ce569d4056400ee5ba6de0a43c92b9318fb3d0f26ac433a383ebc26e3eaa963b18263561c77844793ccaa78803160877b6b0434c32131cc244063844d0e9e014d8408c22783d640bac093b6e402baa03ced3b6ff5bf9249f387c4e8ce19db6779fc2f92dc5ee7f93d9e17db6970ff174856dc7ddc3c4f984edd78e276dbfc819264bc3b611f7b0060547dcc3941cb40d629243a84bc913b6fdee15b6c71d42bac781525cea5d9585b6fb1dcb6c3b9cd80fdb6e703fc5c3803538e3a528f6baa7d9e656eeb3cd700e13147b2ad19927ce56e1e8b195237bca30993db4cf363e679887528236f63d611b871e731d229425930fd389a0267d1eb73aa86e552f552f544f5597a90bd58a3a539da14ed29835268d4113af89d368342a8da4a11ad0240d474e795cfc0baf249549fc9f1b89b792a04d94b734faed1f251a8a672794c8ea69fde2e92464ae87fa86e9a1c9aefa61756451688aab3ea459f0edc64142eef0622f446f1d26d0d0881b94b36e4ae7bfa93e048414df747b3ac7d7dd74bbd74bea43236d50dfaa84be588cf3885bb82c243ba6a780755d554a95795a42f98cda6f685a62ed255fe6a75cf6d57e4a66e8eefac58da14733bda1524e4432bdf5a199fcd7d887e85a1aa8ab3d44bb39f2361e22d7d2b5758b389f5c5bebbda006d9b41bd5a09223ae3604d95c0db2c990509b2bd4709b66d7d50e666747959e25b3b9126e9f6785d28aa8ad1c7481b61670846a340b7284ad1c9ac5d5703f448d192f35160fc4288c19e34118cbe04a834e27aab89d5c6570b21315069d938578df45b1c3190dc70b4ee1c749bcc20f211775f2a33ab80b623a54833afff41713ffeec73ffddf502643bedfb7b7f1dfc4b738eafc082da12deb3a5242fdad8a32d8fefbd88fe5735b5adb3a38f6f943bf77f86b43ed8e5a65d0d7f60de2362ef6396a07a1adaea171b0cde3af0dfb3cbe3a87afd63bf4f0a69afacb7c6dbee0ab66d33718dbc48dd5705f0fd77f83b89e8b1fe6beeab9af7aeeeb61cfc3c257fda2e9a47e41e3a006a6f35fce083c447571781e5ad2eddee95653f7347138a6da53ae4f3f2c01deb6742e6f28de313da447e0a2c2eac26a2ec2d3c94506febf1e62a294eba7dad30f93bd319109d9098ee9e08294baceda0bff7a7b7b831cfafa5cd806fb52042f8887d6beb83e3483ff46bb32545917f2b4d47ac5af2cfa629f9a468fe948e5f14a1aa8dc54b9b57257e5fe4ab9afcf8b6cf391ece3d9b4393b90bd297b6bf6aeecfdd92a2eb8aaf1094fe5aeec3f65b33edc4d24889fba5ae1b30f31fee3dd605f2fff003ae84588ba73f5b96a1aabb3a10d9f76093e991742228203a10c6131820cff85ed2b08ef22fc1941821bb1bd0be1218421ce6185acb02ea5b3967bf4ba78d14961a54325134ba70c23f62d8fe2c5cba2b8ee8a28aeac2e4d411cae2a8bab36e2833781c3d8be80f026c247087f439059292b15c6fba2bbd6db0bbd2e82e1f3df1a0579d3eb0a8a1f3e129eee60afcb05bde2272bc808725517b97cdf03e9ed034c052e08225412dc5e3eac8fe3b10f176029fe7f4b4075e10a656e6473747265616d0a656e646f626a0a0a382030206f626a0a393238340a656e646f626a0a0a392030206f626a0a3c3c2f547970652f466f6e7444657363726970746f722f466f6e744e616d652f4241414141412b54696d65734e6577526f6d616e50534d540a2f466c61677320340a2f466f6e7442426f785b2d353638202d333036203230303020313030375d2f4974616c6963416e676c6520300a2f417363656e74203839310a2f44657363656e74202d3231360a2f43617048656967687420313030360a2f5374656d562038300a2f466f6e7446696c65322037203020520a3e3e0a656e646f626a0a0a31302030206f626a0a3c3c2f4c656e677468203234302f46696c7465722f466c6174654465636f64653e3e0a73747265616d0a789c5d50cb6ac33010bceb2bf6981c826cc7692f461012023ef441dd7e802cad5d412d09593ef8efbb92d3167a9098617686d9e597f6da5a13f96b70aac30883b13ae0ec96a0107a1c8d656505daa87867f95793f48c93b75be788536b07d7348cbf9136c7b0c2eeac5d8f7bc65f82c660ec08bb8f4b47bc5bbcffc2096d848209011a07ca7992fe594ec8b3ebd06a924d5c0f64f91b785f3d429579b955514ee3eca5c220ed88ac290a01cded26185afd4fab37473fa84f1968b2a4c9a238d5827095f1c329e163c68fc784eb0dd739efee4cc969f59fc6a09610a86dbe4fae990a1a8bbf27f4ce27577edfb79774620a656e6473747265616d0a656e646f626a0a0a31312030206f626a0a3c3c2f547970652f466f6e742f537562747970652f54727565547970652f42617365466f6e742f4241414141412b54696d65734e6577526f6d616e50534d540a2f46697273744368617220300a2f4c6173744368617220340a2f5769647468735b37373720363130203434332033383920323737205d0a2f466f6e7444657363726970746f722039203020520a2f546f556e69636f6465203130203020520a3e3e0a656e646f626a0a0a31322030206f626a0a3c3c2f4631203131203020520a3e3e0a656e646f626a0a0a31332030206f626a0a3c3c2f466f6e74203132203020520a2f584f626a6563743c3c2f5472342034203020523e3e0a2f4578744753746174653c3c2f454753352035203020523e3e0a2f50726f635365745b2f5044462f546578742f496d616765432f496d616765492f496d616765425d0a3e3e0a656e646f626a0a0a312030206f626a0a3c3c2f547970652f506167652f506172656e742036203020522f5265736f7572636573203133203020522f4d65646961426f785b30203020353935203834325d2f47726f75703c3c2f532f5472616e73706172656e63792f43532f4465766963655247422f4920747275653e3e2f436f6e74656e74732032203020523e3e0a656e646f626a0a0a362030206f626a0a3c3c2f547970652f50616765730a2f5265736f7572636573203133203020520a2f4d65646961426f785b203020302035393520383432205d0a2f4b6964735b203120302052205d0a2f436f756e7420313e3e0a656e646f626a0a0a31342030206f626a0a3c3c2f547970652f436174616c6f672f50616765732036203020520a2f4f70656e416374696f6e5b3120302052202f58595a206e756c6c206e756c6c20305d0a2f4c616e6728656e290a3e3e0a656e646f626a0a0a31352030206f626a0a3c3c2f43726561746f723c464546463030353730303732303036393030373430303635303037323e0a2f50726f64756365723c464546463030344330303639303036323030373230303635303034463030363630303636303036393030363330303635303032303030333430303245303033313e0a2f4372656174696f6e4461746528443a32303134303432363130323732332b303327303027293e3e0a656e646f626a0a0a787265660a302031360a303030303030303030302036353533352066200a30303030303130363832203030303030206e200a30303030303030303139203030303030206e200a30303030303030323038203030303030206e200a30303030303030323238203030303030206e200a30303030303030343036203030303030206e200a30303030303130383235203030303030206e200a30303030303030343436203030303030206e200a30303030303039383135203030303030206e200a30303030303039383336203030303030206e200a30303030303130303335203030303030206e200a30303030303130333435203030303030206e200a30303030303130353234203030303030206e200a30303030303130353537203030303030206e200a30303030303130393234203030303030206e200a30303030303131303138203030303030206e200a747261696c65720a3c3c2f53697a652031362f526f6f74203134203020520a2f496e666f203135203020520a2f4944205b203c35333446454536373443444236424538333137303544353335464445453734353e0a3c35333446454536373443444236424538333137303544353335464445453734353e205d0a2f446f63436865636b73756d202f37334436413939394233424438314333443530363345344336303038413743360a3e3e0a7374617274787265660a31313139330a2525454f460a'),  
  (3, 'application/pdf', X'255044462d312e340a25c3a4c3bcc3b6c39f0a322030206f626a0a3c3c2f4c656e6774682033203020522f46696c7465722f466c6174654465636f64653e3e0a73747265616d0a789c2589bd0a02311006fb7d8aaf164c76637e4e0829c453b00b2e58889d7a9dc7e50a5fdf800c0c03c346f0a5050cee15f6c1380c5ecc80f6a2db069fffebb4890e4a21f695923711fa843d09c441dff7cc5252caecca3666de952e5f1e7aa151a952c5023b9eaf01d30aabcde338a3d20f8dbb1ba40a656e6473747265616d0a656e646f626a0a0a332030206f626a0a3131380a656e646f626a0a0a342030206f626a0a3c3c2f547970652f584f626a6563740a2f537562747970652f466f726d0a2f42426f785b202d33332034323020363239203432302e31205d0a2f47726f75703c3c2f532f5472616e73706172656e63792f43532f4465766963655247422f4b20747275653e3e0a2f4c656e67746820380a2f46696c7465722f466c6174654465636f64650a3e3e0a73747265616d0a789c0300000000010a656e6473747265616d0a656e646f626a0a0a352030206f626a0a3c3c2f434120302e350a2020202f636120302e350a3e3e0a656e646f626a0a0a372030206f626a0a3c3c2f4c656e6774682038203020522f46696c7465722f466c6174654465636f64652f4c656e677468312031353838343e3e0a73747265616d0a789ced7b796054d5d5f8b9f7be374b26b3649299ec9937994c1666b290b025a4644212b6806c0133d4984c92818425139209881589b52e0415aa54455b402d4a45cb640236a096e8476d5d2858ad557f55f013ad1b2d5af4d756c9fccebd3361b1b6fdfad7ef8faff338f79c7bceb9e79c7beebde7bd9719823d7d7e88877e60e0695be3eb4e92250a002f011073dbbaa0627db32c1de95300ea379777af58d3f3d81b0e00ed5300f2e08ad51b96efbcf1d56b008cdd00f1cf75f87dedfd1dc506808c296863520732ea4737a8b18f72c8e95813bc268b46ccd8df8efda4d581365f509b25637f2ff6e3d7f8aee95e202fe1fd03d857ba7c6bfcaf5edf9780fd5701124e74077a8380810214fd98cbbb7bfcdd1f3dff4931f68f620c75c82378f14f3c922adea74c82ffcd1ff90e84b96043c860db01d732f20ec269840f46e744be925781637465e4144b44e5c76300e084bb6117e4c059321e9e851198030f43352c80ed30138ec37e30c006f22248e0805ad80b4e62030a332099c8b003de80aba007de8353900ff5f03631a39d3ae8062b94473ec4b61e6e8d1c42ad38a8819fc261b29a2c8662a467513771a1e7ad91114886fcc8b1c8ebd8fb11bc47722283300ba9f72101f260137c1fccb0125e887c8591e6402b3c42ae231f821d5a608b34411a88ac82a970107e4bea919a071be4d7b50761358e7a88249391c8c9c81fe0e712013f5afa2edc8a1187618416b11a793728900bdf822bc087d2efc01b24918c679e485e647a6407721f81cfa88b3ec7d418870b664333dc0e0f60365e83d3f039d19189e447641f5e2f933fcaaf636cf5d007d7e2d9fa1166ef11780c0e91f1643c4da6c998ad6428802528db0a7bd0ff109c20f5c44b46c8336c8f5c325a15498a58227f8844601c346284bbe019f4718e94a00e7a60d92c28654941b9f4fc0d38c376f8219c8097318eb731ef9fc35fc838bcdea1d7d34d912b237b23ef612c1ab0c1145808cb2000eb603d3c88abfa2c1c854fc997548b9ac7a55fc8d7ca672377626e73613ac63e1fb517a3ed2db84a6118c6eb359c650251701653c81564115941b692bbc9307983bc4155d44ed7d28f5888bdc87e2f4d92e548055ab24216fa75c095d0812b703d66fb4e9cef5ef8053c4f2c249714e28c5ec3f15fd0a9b416af87e871fa36bb896d95be926f1e3d35faf1e897910150e32e9b8979e88347310b7f22568ca180ac24bde45d8c7c1b3dc00cccc41c6c22ab660dcccb6e65dbd9afd8afa51e699ff4a63c5bf6c9fbd4bed1aed19723f591ef01af122a8c2b0fdc300126e3fe598ebb6915c6d78d570f5c0737c000dc81fbe54ed80dfb70de47e079f82dbc059fe00a00b163cc9de87d0deeba9bc81d78ed208f9167c82fc8f3e41df205bf68365ef97412ada23574065d416fc26b3b3d415fa31fb00cd6c636b17ebc76b227d81b12489214914bf19a256f911f51bda8ce57cf52b76a5efaeaccf971e7bde7df1e85d1b4d16f8fde3dfacce81f224b231b307e27144211467a0b46b903f7e01ebc1ec59df8043c87b5fb7722d6cf082532eef814e2c0dde0c655ab2233c96cbce69185782dc1eb4ab20c2f1f69251d786d22fde4bbe446f23d723bf981b8eec5b9ed213f214fe0f5337218afdf9293e47df211f98ce226a60c77b393e6d1625a8e33ada133e97cba08af1534805737eda1eb70851ea143f4107d8d2532272b643eb696ed603f65cfb257d95f252ab9a562a9525a2aad906e948e4b2f4baf4b5fca36b94eee9077cacfaad25513544b542b55f7aaf6ab3e507da556a917a85bd5d7a95f5547344eac56bfc4791fbcace415ab8e935e3949ba869ec47391c2bae55bc812cc988a36b0d5ec0ef61b793939cb14f22619609d6c55e4213683fe8505c8527a8464339b5cc196c36d1021fbe83bf41cfd8364210df443922f7d9ffc8c06580d5589bafa8a64916e943f00a0bf830aba918cd05fb01bd98d91a7a142de494eca3be9cba048a768229cc4537d0bbd0707fd9a76d22dd0284d90bf844eccfb4fe46b30dfd3e8ad641c7b55da09ef3107fd33394beec6aa718ccc9172e8d5b49cecc38a7b9e64c119b216bac90fc0439e246f916120642f7b84cca5f1b85a21aa2793f1d6778cd9c9ab2c0ebc3c46924b2d64013d4b97b0a75427d84442b04afc06ae258c94e0de19fb8c42179e80ed340f6b5a1d5693574829a4c03d58efcf8d3ec52bb6fcbabc05f7d903cc0d8ba0049ae88b508167e33dbc1ae1662885c3b8076f85127a2f5c17e927ed58f7e761fda4304c564231d161b54cc6d836e1fdc24ab3b11636a3d7bf60fd7f01ab7e3df923ac270a9eac11c897b8e436a90e2b530bd6df2d78b54313f67e0877aa0ecaafc07c920c2029a33b7197ff1eaec67bcebbe83f0d2a31be65f080e4c6a815accc6b71c40f47678107af9be145426123c63c0dcff902691656debb232b71869d788f9a8bf7c4e7a133720fd4e0da2d8adc18d902cd91072257c10a581cd98bf5775d240c93e016d94b97ca2e6902d6d8e7c951bc1ffd1fb205ebf62c7813eb9193a4c04778fd14e39f263f0903d2efb07656456e8bfc162c988f6ccc502bde454fc31af823e66d161b81b2d12be8606406ebc63bd44958187924622371d011598d95f729d8a396b1f6f44396bc07f7ee1669392dc1780bc04a8a917b95bc0bc0337d4983a76adab72aa756944f993c69e284b2d2f125c545856ed7b882fcbc5c678e23dbaed8b23233d2d3525392ad4989e60493d1a08fd7c569356a952c314ac05de798d1a284725b4252ae63d6ac42de77f890e1bb84d112529035e3729d90d222d494cb353da8b9fc6b9a9ea8a6e782263129955059e856ea1c4ae858ad431926cb1636227d7badc3ab84ce087a9ea0b7095a8fb4dd8e0394ba948e5a25445a94bad08c751d03752db5686e501757e3a8f1c715ba61304e87a40ea950b2a37b90244f2382a0c975158314347a0c2a94e6a8ad0ba53a6a790421e6acf3b587162c6cacab4db7dbbd85ee10a96973b486c0313d64740915a8116e42aa9a905ab8513af96c608b32e81e19b86dd804ad2daef87647bbefaac610f379b98f0417faad0d255f7b3ae562178d9b6b1a6fb9549ace06ea523a15de1d18b84509ed5ed878a9d4ce5baf176d84a87346cbc00c747c1ba6b07eb182bee84ddec610b9091d2a7c1e7c4ed1d9f91d759cd3b25209691dd31d1d032b5b7061d20642b068833d9c96e6391439056975ca4043a3c31eaa4a77787db519834930b068c350aa4749bd5c52e81e342544d33a6830c68878fda584ff824c50429d53f58b2ee495f0881cb3713b84943605236974e09ca6f0c63f0506daa6a01a7ebc044785da713d3a43da9a96015305f24d7c7c48769a1ccac0e780ebef38f3c9e51c5f8ca3729a3e074ef25d7261a3a17c8c0eb95ca171e3f80651d7e08a628cd3447f62a17bdd300d39ba4d0a224c1f2cc0dcfabc15c5987cbb9d2fef96610fb46227d4bfb031da57a0353d0c9e629737445bb864644c6259c225fd63920bc35b1cb88f0f88f7144b48937be19fd1644daceba80811eb3f11fba3f2fac58efa85cb1a95ba8196586eeb1b2eeb45e5532ec86214890a30e121c989999aedc0adb768592367e03fd939c351d7d9320b8f1ac6184aac6964e9d41ba5683a13a670ff5e75c132ef34c6735b925325f67ffbb05a831b5870883223646a99156dbd7176fbff70d070e42c1f25d0c561b139852a5c97f7a75ed6bf2cbcf80186014bb9b4be61d9c040dc65b21958ac060666389419032d03bee1487fab433139060eb146d638d05dd732b6fcc391c35bd243336ef3e2243a48056e6d0ad3071de4d685831e72ebe2658d874cf82a7a6b436398125ad332ddcb67486b1a1a2f5d03b1b1bd85fc6e4b49063e3d64c8fc45560df306297992fe1c9f47d5f44818646998fefc00833835270e1248d5a8e42328a7c0480168c92a7235a4b84c5f549eafbcc274ae72def94aa842daf41536e34bec09f6042736244382af1436f29547862ff1296404b7d334bc6f86f89b207ceaa9c0873eba2c7359d62ab28aaeca5c95a529b657d9e7dbef95ef49df2b3f9caea62433cb6a4b37d9b3b5b674a3dda14e71808d9a8c1afb301df1246af13dcd936ca8321bd1dc027cec946098e67bd2345a5562225da28d371a79abd7639b9d6cb5b9b28623231e031f0159a6ace6acdd5952d6619a0fd6c8271e9dc9449758d3b8b215ad0f29ed4d7c862ed7b9a69ac64390151909eb267203619d7182cbe5759d36559e77b95c955ceed182473711614cf43ee68367c4e522a6e74dcf8f2f214dd044121db979b9b90e474252b2b5accc629f58568af7cb0447b65aa5523b12a5078cb9ba44db8a8623e9b9f38bcf3f53b234c7fa5073fe8439ea5c933c77f4d9869c8ac95f9edb681be7744e507aa47843e2eaab082694c2dcc869b69885200932d9c641cad7dd93afb1265920de88d302834006910a83a5c403f8a45382e3c0c41f8f2223071293508b672721210129d0a53b13d4a036a9a99a8bf9684e1ce47ab82922af891148bcf033b31989f13a1d549d71b98eba5c4d5567cce5c5889b9ace10c46fb9468a8f8d8c2f491f5489b8322dfdf83e1302c643f0f0bfa3f020a21e35dc8927c764522d31a91575488d9bb345ddafdead96d4774a0f4a618971576a9cda70e49c2757af572d494ab265e13c3989b335aac46c1119ac9c6530d8b212443c6fb95c23823a76e218c6da74b4a9c9552a62c5488f617c9e5473734a536a0bb424bdc6e45425a33c19c1eac928b7f1a8e26ae64cd0d86af44d937877283f7f82602f1e5734215d95aa6d4cbcdada9cbc2ce5db696ac2b42ab556132f5b66ab36d3db54b7c40f986eca7c88ee4b3998f82a7dc3f8a6e91cfd334b34b7a85b34dd38bbcdda67d4bf329e556b24a2d67f8f32ed61bc29aa22a73c73266967d099daf9b606daa06dc5b798cd899b537724fe58fbe3b861cd416d28ee97f40ff454fcb9b824cd093501f509355dcb31cfdd364c5a085f53364a495062b5f05013cde5e666cb26cb2ecb498b64b1a4bf22115cc113e1a472441f8413397add33cb5cce737c553ae12ba27e4963cd4f2f375a49c0bac9bad5caace79292fa35a444b34d434b345b352735cca4f16870269a90e69446a579d460916033df57cced3197183c8605060606934131b0b30662e091683197869aac9afa1417d60fd7da9e9e79e7d7569ace37ad6d4274a669adcb7406d7a8876f29574f022e514d633860214d5e172f33e79a9ad6f6948b4335650aac6d22358d075440285deb5ddbe38a7ea007cbfb2150a3379da33cde5358ae47d0f0039c5fae8e221547e9d15e7a5416ebc5457b71d19e56f43c066db9c5945a9eaa2494eb11000fb70b5c977cbc5e6fa20a8f76e9a4c9c92a95239b4e9c602e2bb55a9c7671eeb3556f92f6f65b96dd5468b3bc70ef9e8f3f7de2bee7cedf42f6caa6d4b6498b6fa4535f0a06dbae49dafc0e216f7c4cd42f3e5ad19833c5730356cdf6c869fa5bb61fc64b1362a73bafccc36b5c9947a7a34b2849e1d58ba4f082478ce9699abc78cecfb31b8723a70e7099919f97522e378e576bf28c76c9ec92c90699ac9689ec2c26848c53a7aecf226d5924cba9a49196b4ee349a66c6538de7e44c53533162444de6e4f22a7eaa8fe1397af598e955a4c697b85c6387bbd46eccd348e3ac59e622998e1baf8e9a4935d7cb6495fc1d99cace71eada2cd29e15cca2594eb38ef0083ff3a4f1a36a349695a6690c9cd4e49939cacb2b2b8d1e59d7d1283eca4f6e1307d3d1a34d55a6a3e672146050fcfc1668dda96e6a36177974e5ee7c5d794a92377e59eefda6ed39729c3a2e3faea0a5acbbacbf4c652c1b268ae7163cc92fea5f341ccd39eafc9de3b59c37dcef4bef3bdecff9d0ad3357b99bdc5d851bdd5bc956ba95f55bfad3fad3fb3336176e2dd21b8991c6316dbc2a23cefdabece71d9a0c664d32675833530bd2dd3bb43be2ee57ee72dc95a333bbf4f9ee39eef965cd65d7145ce3bed9b0d7b1bfec03f67e467c81667c163c4db3888d14134a86892b0c4f170d93344fc2b894acd4a7d3b3d26c69c494a660e6b830f5692b17669bcd390ebd4e32e6092467915f4251f1b8f1781bc7a4a65d9f9a9a32cc667892acc53cb1f4253321e6e3f693f63fd9997d98257974dd46d262ec366e3332e33099e449cd4b4b2db26988c6bd2b8fb4e475e7f5e73125af248fe61dc6bb43295106a3a7138fdabc333de7c4e93ccfcf61c48ee7b0bc188f57384290e427f534cacf549da934559a4e9bce24e08210dee09d312ec7e1c8d1eb92f47add2d86229761a3e9a837054c9f9c3bd3d4434c67ce9d89d2828c6ea203458a563f015cdef125351b3c19f90536c594a052db12ec194455a0c900c5949501ea7c39838823e8ba013f44dc85bf547f61fa22e1cb7ca9c94b7af0ed9b335377915d7417dba5bb4fbfcdb22d6d5bfab68c1dd9f7387615c637799b5c642d60c540355db1a338678bfbfe9cfbdd72931727e749c85752cbb5f9a9e5c413574e11d2a325218dd782d4b8f22264b90568cbe34d59e62a83c21b7c5ec42a22506a794eb4b03aa2281ed11389e5ee94c4a82d73d496d18c2ecce8c25cee56cc7ccc598fd1886ac67266d2a31f3d3770d663d6a31f3dea20a42408b8acfcfcdd0773e38526af97243844f9b1e0734772b2d59284b5290f196a4742999597ab89137273f272274e9854561a2d5f749b3d77fd5533962ab6e63b5f7cbaaf61b5dd92acb7db3376b6d65de91b7dbbb0f0feef4c9a57966032c7b3fda3bfba6be59cc229f9054533db1edcb8232b2e8dccbced8e85e575576fab28bf72edbdc946430ad6b0a4c8a7b4527a06d2c9f9580d73667acc58c3323dbc40e9e253f89344bc2591c889824c34f00a97381cf9cb015eb7903877803fc024f25cc4f331893a8ddb684d928609bee21015541d3b7fe258f199a3bc40e1e7ad11d373c597d7a7d4e478fe706115ade5121ad7e383039c481b235291f02471aa5b4774c67462e94c22b3938870e7c1ad88be75e944a65c45d6f0470e593c85c818e01f85091ee9012e40e26f3fe3b2c4c4cc8ce8e3087f1e71892791aaf3279a9a464cc74c479bf09616bd7961c487408f0154c7973793664aab327724ec483d6239621d4efd2055bd2b936c4e23f3e3e7eb9be39bf59fa7c8aa144b4a5e0ab35a5252d318e14d52fa6ec22c25b1685909a544153f91076d3d8e0f007fb2308b3f29fd25d00d934f3c6e259ec417156786326926102249724ed28244d29f4820d194184a1c493c91782a5195d892b16f337f2cc6a2c06fc4fc6a3ad774c67406eb04be039c3f5d8575c0740645a7494272392098b136f37bf4da9e263c6a7c339659f009586cb3327e97cccdc547e08993264d9e3499cc79edb5b27cfbb4843c477f6d51e3b8ef4fee2d4c2e909e197d65c6f99f7aa715e4b7b69535b7d10ebbb57356ae5ffc7191ff11946eb5ecf8f8e66663e5e79a548df863e283ef663e7bf14fb191d3f8a63317096dec7b39314e6d1fad832b2f2811b8fc23abcaf105e65d98c66e87b92c13da69393e5f034c85f7e96bf214555bd43794f2a757fe4685cfb1c5b01459ff2d7d8c7cceadc077a6e85785002b45cb84a72cd1636294016e8dd10c7ae0ee182d4116d1c46819e9dc18ad826c521ba3d5f06bb23c466ba0844e88d15ab899b6c7683dbd8f7e74616e13e5efc5680246f9508ca6a0967f15a31994cbc763b40446952646cb4827c7681524a87263b41a56a826c7680da4a876c6682dd4a89e88d17a324ff557b44c2486bee2353304cd3364d22c12b44af05b05ad16fc2e416b047dbda0b53c879a3b6234e650f397188d39d45a6334e6509b13a33187dabb6334e6507b2046630eb5bf89d19843edb9188d398c7b3646630ee33e8bd19843dd35828ee3711acc82d6f1d80c59828e17fc22411b045d2168fe66633044e79b88b4d9d020e824a1b35cd01661a747d056c1ffaea053c5d8e87cd385ce0f059d29741e13b44dd0c382ce11fa47053d4ed0d139160afa14a735d1f8ff28e8a8afbf713a5ef08d2a41f3b980d10c3f017c0ac057b4129884540374801ff13c08401742103640b7e0d460af0769defa90df29348a50520dabf1526011f256e0f820f48a9e1fb11fb5d761db8e9a0d285f23b80a5c8178bdd00a20cf8796b8fe0ae8434b3e1cf375ff15ff62b4f2b5f1157842b9efde589c0a4cc4084a603c52fcfb824e68436900e501588e5e0afe85fd7f64ad08cae09a4bc646475e1cb70016a3b7867f197da790f8108222bfeda8b346cc6415f2788cfffeda70ab5dc26274dc12ec75628faf8682710585ae3fe6b90bb9c5c282226c7788192b98a70066b54bc4d529b48bfeed48fe5eafe102552b34d78b5857607f3ece75b9581f2e2dbc106917aeac1f4745bdf6888c71ab6ee42c15fac158f47345de780679d40aae5239ae522978c54c1491576ea74feccf687ea2f95f2e2c06453e78bf5be4608dc8da58de5ac5d8b19cd66156e78a6f8196c7bc8f49bac5fe6a472f6dc262742dd60b5f6dd87eb3df689febb6e17cfbc42cda856e00db7621ef167b7cc385558bfaea8c59688bd98ace9e9f4fe5ef661e10d9dc20ce02ff964711bbadf582af6f8aabebef6cffcfb374d17afb8575ee117b29baabda2eec946f9efdc57d7c795c532fc9019f49742e41e16f6c0f72fbd1b9b62367bd9879409cb06f9e6934d3becbb2ea8f9d8aaf9f0d9ed520eaf589913cda7517766ed40ed7e4dff4ffd335fa89525a52324969e8f02bf3025d81e0866ebf5213e8e90ef4f8829d81ae22a57af56a6551e78a8e60afb2c8dfebef59e76f2f6ae85ce3ef55aef0af571605d6f8ba16f957f4adf6f58c8daff89a5889c92b96fa7b7ad1a632b1a864bc923fafb3ad27d01b581e2cf89afea56a4565d708290a856cc1e2790d5f37dfd9abf894608fafddbfc6d7b34a092cff87b3513abb9420ca96747506fdedcae2a02f88967c5dedc5811e2580921ea52dd0d715ece9f4f716fd232317780dbca9edf1adefec5aa1cc5fbebcb3cdaf1472a35dabfd1b70684f676fa0cbad2ced6c0ba2f9b9be9e767f5750195f5e56ea0df4296b7c1b94be5e3fc683f12f0fa0c4d7ab74fb7bd67406796cad1b44a4754be656a3b44774ba7b02ed7d6d413e8bf51d9d6d1d978c45dcd9d5b6baaf1d8706034a7b676ff76a748053c3519da8d0865ae8be4851c69c07ba566f50f23b0b14ff9a563eeaa2adae31ed6f0c49a8b7f339f7f87b31556d3c2997b817398ed99a2a22c8ef442f41ff1a9ec19e4ef4da1e58dfb53ae0bbd42906ed8b868a8b706135027dc1eebea0d2ee5fc7938b3a1dfed5dd5f9b11ded302a206f8c4e9c2d34ff4b8bb57e2fefe5054fe31d9582d6f8fd668761f1b644fb3230887d861f6d87f9e46fef334f29fa791ff3c8dfce769e4ffdfd3c865b5fc22cd7b9ddf287be7323d7e2e2eadf2d1ddffcd3657a3ce864bfb5296345eaa97664adfc2b6fc320f5d68f71f59e1bfa05d27b2183dd71d24441e6020d6b61ab57a6235c3f74f2c5ca419fcd3cf2168609f0cb171b6aa6a0b3b0d2dec43d8c5de8393081298906342aa0aa11be908821c1961ef0cd5d5957a8611bb8a040ee717941ee282705a46e9d3ec1dfa18e4810d1927c3d67421793b3c7d7a8c9834254a0c8d2b2c3d591dc7de863f2150f6363b893b4d8c1aca2f2a3d5bad470661d7839110b0c16ef61684102878d89b4339b9a5bb8eb09750fe027b1e53c5873d1fd62794a2c15fb29f81196cec09763026393864482885ea5e763b1018c1f604c22984b3081204d823b009612bc27e04098cd8da108a11e6730edbc7f6619c7bf8dfa0b02d4608206c459030858f227f156fd95eb612b271ec6d6c3b58106f617709fc63c469881f447e16e207b0cff1ae58ff7ec45c7e5f8cbf03fb56c4f7c6f03dc84f477cb7f825ba8dfd20d65fc7fac4b8600cef66bde12c9ba93a0be50a420902436a3b52db3175dbf98ec096b01bd96ae169107129e235518ce9da18b63bc41a6d1c4a4e2ddd8d29dd88a9df8899db8899db08128aae1bd3b92eaa53c8ae439deb50e73ad4b90eb352c27ad15f2fffcb0cb62604058161de7b31ef9c1fc27604e184e07f0fdb6d08bb798fadc73c1660549bd9ca70be0d37d98aa1724f69d5936c39a6dac3960fa566966ebdd8d3c6f18d88d810c346aeeb1752ff90369e73fd436999518c5aabaa0dac0dbe83402109db1c840908b508126b0be714db0eb32b608d063c06db26ba896d9236c952492d311f61a5b04003b825cdac102a51a1c0d65c4926b768bbb5fd5a66d22ada12ad47bb402b07d826b695311b2b66556c3e6b6632ff02455d51c6bf4099a9aa28dba6dbad0be946742774724835a23aa13aa53aab92155589caa35aa06a5175abfa55db54bb55da6daa6d6adaa2ebd6f5eb9849a7e84a741edd029d6c5393ddd537b156fe374b6c4d08dd08db1024cc7133f21576354233ae4633a6e26ae403b6803d13c209a44f2196b167443d23ea19916b44ae11f80f6d8c42b200a105a13b26555d908c8de1fa67b904210fa506e4f2bf2a9ec2f62ca710e6604f8f3d3df6f4a875827e85119ab05510162030c13b8580bb06db3159494cde82a012f2b342674ce6e163e9571e5fde4801091590dd05645b01f1545655977ab2b1319bcdcd8e6667737ef31e29e0083803f9813dd27cc77ce7fcfcf97ba42a4795b32abf6a8f54ec287616e717ef916c0e9bd3966fdb236d9dbb7fee91b9c7e74acd73037337cd6593f9cf28c2ae925281b39d1c1f0ca7a6954e36564fa5fb713acdd8ee423889c0c0866d314215420041a2fbb1b5d1c791fb38721f87f908cd08328e789c97176c6d3119e7ef12324e7139bd4cce70e28f852bcae657cfc192db8cb08bf23fb216635b85c0b5a3d47ec10f617b4af0e7c7f4770bbe0ddbb1310c0bdc3251e696e1f15b86c57f1934237423c8709c5d8937872bb9656c6d08dd08fb1124b60caf2bd995f471bc1ea38f31b7473fde6203ab15ef33e6048da9da44e3710fe8c95ed1de2bdacda2ad126d8ec73047ffc51cfdcfe7e86f9ea3cf4382e6e32d4f4fb68bd6eed155eb0f54ebe757eb0baaf5682d19eca0a716d1aa784b3e16ed15a2757b92ecfabfdaf57fb6eb3fb5eb7f64d7afb5ebbf65e7e332f0ecea69926875bc25778b768e68733d3a9bfe399bfe4a9b7eb24d5fad273b097a87e9a2cd126d3a6fc967078cb546d03e493ec3276d3d25e1ca02db30058148245c598d68345c3913d1f970e54e447f0b57de657b8afc95885b1af9229c73da566d21e7c86c89f7ff1cc39f92d9b00ff159c42b103f0c95c489f8c7e1ca1bb8fe4338fe3eec3f08d91aaeff002c10e37691d982ffa3d8b81f86ddade8f5feb07b037abd0fdcc2eb3d61f769e4de15766f467467d8bd1ad1d6b09307b8325c39ce569d4056400ee5ba6de0a43c92b9318fb3d0f26ac433a383ebc26e3eaa963b18263561c77844793ccaa78803160877b6b0434c32131cc244063844d0e9e014d8408c22783d640bac093b6e402baa03ced3b6ff5bf9249f387c4e8ce19db6779fc2f92dc5ee7f93d9e17db6970ff174856dc7ddc3c4f984edd78e276dbfc819264bc3b611f7b0060547dcc3941cb40d629243a84bc913b6fdee15b6c71d42bac781525cea5d9585b6fb1dcb6c3b9cd80fdb6e703fc5c3803538e3a528f6baa7d9e656eeb3cd700e13147b2ad19927ce56e1e8b195237bca30993db4cf363e679887528236f63d611b871e731d229425930fd389a0267d1eb73aa86e552f552f544f5597a90bd58a3a539da14ed29835268d4113af89d368342a8da4a11ad0240d474e795cfc0baf249549fc9f1b89b792a04d94b734faed1f251a8a672794c8ea69fde2e92464ae87fa86e9a1c9aefa61756451688aab3ea459f0edc64142eef0622f446f1d26d0d0881b94b36e4ae7bfa93e048414df747b3ac7d7dd74bbd74bea43236d50dfaa84be588cf3885bb82c243ba6a780755d554a95795a42f98cda6f685a62ed255fe6a75cf6d57e4a66e8eefac58da14733bda1524e4432bdf5a199fcd7d887e85a1aa8ab3d44bb39f2361e22d7d2b5758b389f5c5bebbda006d9b41bd5a09223ae3604d95c0db2c990509b2bd4709b66d7d50e666747959e25b3b9126e9f6785d28aa8ad1c7481b61670846a340b7284ad1c9ac5d5703f448d192f35160fc4288c19e34118cbe04a834e27aab89d5c6570b21315069d938578df45b1c3190dc70b4ee1c749bcc20f211775f2a33ab80b623a54833afff41713ffeec73ffddf502643bedfb7b7f1dfc4b738eafc082da12deb3a5242fdad8a32d8fefbd88fe5735b5adb3a38f6f943bf77f86b43ed8e5a65d0d7f60de2362ef6396a07a1adaea171b0cde3af0dfb3cbe3a87afd63bf4f0a69afacb7c6dbee0ab66d33718dbc48dd5705f0fd77f83b89e8b1fe6beeab9af7aeeeb61cfc3c257fda2e9a47e41e3a006a6f35fce083c447571781e5ad2eddee95653f7347138a6da53ae4f3f2c01deb6742e6f28de313da447e0a2c2eac26a2ec2d3c94506febf1e62a294eba7dad30f93bd319109d9098ee9e08294baceda0bff7a7b7b831cfafa5cd806fb52042f8887d6beb83e3483ff46bb32545917f2b4d47ac5af2cfa629f9a468fe948e5f14a1aa8dc54b9b57257e5fe4ab9afcf8b6cf391ece3d9b4393b90bd297b6bf6aeecfdd92a2eb8aaf1094fe5aeec3f65b33edc4d24889fba5ae1b30f31fee3dd605f2fff003ae84588ba73f5b96a1aabb3a10d9f76093e991742228203a10c6131820cff85ed2b08ef22fc1941821bb1bd0be1218421ce6185acb02ea5b3967bf4ba78d14961a54325134ba70c23f62d8fe2c5cba2b8ee8a28aeac2e4d411cae2a8bab36e2833781c3d8be80f026c247087f439059292b15c6fba2bbd6db0bbd2e82e1f3df1a0579d3eb0a8a1f3e129eee60afcb05bde2272bc808725517b97cdf03e9ed034c052e08225412dc5e3eac8fe3b10f176029fe7f4b4075e10a656e6473747265616d0a656e646f626a0a0a382030206f626a0a393238340a656e646f626a0a0a392030206f626a0a3c3c2f547970652f466f6e7444657363726970746f722f466f6e744e616d652f4241414141412b54696d65734e6577526f6d616e50534d540a2f466c61677320340a2f466f6e7442426f785b2d353638202d333036203230303020313030375d2f4974616c6963416e676c6520300a2f417363656e74203839310a2f44657363656e74202d3231360a2f43617048656967687420313030360a2f5374656d562038300a2f466f6e7446696c65322037203020520a3e3e0a656e646f626a0a0a31302030206f626a0a3c3c2f4c656e677468203234302f46696c7465722f466c6174654465636f64653e3e0a73747265616d0a789c5d50cb6ac33010bceb2bf6981c826cc7692f461012023ef441dd7e802cad5d412d09593ef8efbb92d3167a9098617686d9e597f6da5a13f96b70aac30883b13ae0ec96a0107a1c8d656505daa87867f95793f48c93b75be788536b07d7348cbf9136c7b0c2eeac5d8f7bc65f82c660ec08bb8f4b47bc5bbcffc2096d848209011a07ca7992fe594ec8b3ebd06a924d5c0f64f91b785f3d429579b955514ee3eca5c220ed88ac290a01cded26185afd4fab37473fa84f1968b2a4c9a238d5827095f1c329e163c68fc784eb0dd739efee4cc969f59fc6a09610a86dbe4fae990a1a8bbf27f4ce27577edfb79774620a656e6473747265616d0a656e646f626a0a0a31312030206f626a0a3c3c2f547970652f466f6e742f537562747970652f54727565547970652f42617365466f6e742f4241414141412b54696d65734e6577526f6d616e50534d540a2f46697273744368617220300a2f4c6173744368617220340a2f5769647468735b37373720363130203434332033383920323737205d0a2f466f6e7444657363726970746f722039203020520a2f546f556e69636f6465203130203020520a3e3e0a656e646f626a0a0a31322030206f626a0a3c3c2f4631203131203020520a3e3e0a656e646f626a0a0a31332030206f626a0a3c3c2f466f6e74203132203020520a2f584f626a6563743c3c2f5472342034203020523e3e0a2f4578744753746174653c3c2f454753352035203020523e3e0a2f50726f635365745b2f5044462f546578742f496d616765432f496d616765492f496d616765425d0a3e3e0a656e646f626a0a0a312030206f626a0a3c3c2f547970652f506167652f506172656e742036203020522f5265736f7572636573203133203020522f4d65646961426f785b30203020353935203834325d2f47726f75703c3c2f532f5472616e73706172656e63792f43532f4465766963655247422f4920747275653e3e2f436f6e74656e74732032203020523e3e0a656e646f626a0a0a362030206f626a0a3c3c2f547970652f50616765730a2f5265736f7572636573203133203020520a2f4d65646961426f785b203020302035393520383432205d0a2f4b6964735b203120302052205d0a2f436f756e7420313e3e0a656e646f626a0a0a31342030206f626a0a3c3c2f547970652f436174616c6f672f50616765732036203020520a2f4f70656e416374696f6e5b3120302052202f58595a206e756c6c206e756c6c20305d0a2f4c616e6728656e290a3e3e0a656e646f626a0a0a31352030206f626a0a3c3c2f43726561746f723c464546463030353730303732303036393030373430303635303037323e0a2f50726f64756365723c464546463030344330303639303036323030373230303635303034463030363630303636303036393030363330303635303032303030333430303245303033313e0a2f4372656174696f6e4461746528443a32303134303432363130323732332b303327303027293e3e0a656e646f626a0a0a787265660a302031360a303030303030303030302036353533352066200a30303030303130363832203030303030206e200a30303030303030303139203030303030206e200a30303030303030323038203030303030206e200a30303030303030323238203030303030206e200a30303030303030343036203030303030206e200a30303030303130383235203030303030206e200a30303030303030343436203030303030206e200a30303030303039383135203030303030206e200a30303030303039383336203030303030206e200a30303030303130303335203030303030206e200a30303030303130333435203030303030206e200a30303030303130353234203030303030206e200a30303030303130353537203030303030206e200a30303030303130393234203030303030206e200a30303030303131303138203030303030206e200a747261696c65720a3c3c2f53697a652031362f526f6f74203134203020520a2f496e666f203135203020520a2f4944205b203c35333446454536373443444236424538333137303544353335464445453734353e0a3c35333446454536373443444236424538333137303544353335464445453734353e205d0a2f446f63436865636b73756d202f37334436413939394233424438314333443530363345344336303038413743360a3e3e0a7374617274787265660a31313139330a2525454f460a');
  
insert into 
  BookPublication (id, numberOfPages, downloadableFile_id, printableFile_id, downloadCount, printCount)
values 
  (1, 100, 1, 1, 0, 0),
  (2, 200, 2, null, 0, 0),
  (3, 15, 3, 3, 0, 0);

insert into 
  GameLibraryTag (id, text)
values 
  (1, 'test'),
  (2, 'with whitespace'),
  (3, 'trkylempijvongahdus');
  
insert into 
  PublicationTag (id, publication_id, tag_id)
values 
  (1, 1, 1),
  (2, 2, 1),
  (3, 2, 2),
  (4, 3, 3);
  
insert into 
  PublicationAuthor (id, author_id, publication_id)
values 
  (1, 1, 2),
  (2, 2, 2),
  (3, 3, 3);
  
insert into 
  Address (id, addressType, city, postalCode, street1, street2, country_id, user_id)
values
  (1, 1, 'Bogus City', '12345', '12 Bogus Street', null, 255l, 2l);
  
insert into
  Order_ (id, accessKey, canceled, created, customerCompany, customerEmail, customerFirstName, 
    customerLastName,  customerMobile, customerPhone, delivered, notes, orderStatus, paid, 
    shipped, shippingCosts, customer_id, deliveryAddress_id)
values
 (1l, 'bogus-access-key', null, null, 'Bogus Company', 'bogus.order@foyt.fi', 'Bogus', 'Person', '+123-456-789-0123', '+098-765-432-1098', null, 'This is a test order', 'WAITING_FOR_DELIVERY', null, null, 10, 2, 1);
 
insert into 
  OrderItem (id, count, name, unitPrice, order_id, publication_id) 
values
  (1, 10, 'Test Book #1', 10, 1, 1);
 