insert into   
  Material (id, created, modified, publicity, title, type, urlName, creator_id, modifier_id, parentFolder_id)
values 
  (1, PARSEDATETIME('1 1 2010', 'd M yyyy'), PARSEDATETIME('1 1 2010', 'd M yyyy'), 'PRIVATE', 'Folder', 'FOLDER', 'folder', 2, 2, null);
insert into Folder (id) values (1);
  
insert into   
  Material (id, created, modified, publicity, title, type, urlName, creator_id, modifier_id, parentFolder_id)
values   
  (2, PARSEDATETIME('2 1 2010', 'd M yyyy'), PARSEDATETIME('2 1 2010', 'd M yyyy'), 'PRIVATE', 'Subfolder', 'FOLDER', 'subfolder', 2, 2, 1);
insert into Folder (id) values (2);
  
insert into   
  Material (id, created, modified, publicity, title, type, urlName, creator_id, modifier_id, parentFolder_id)
values   
  (16, PARSEDATETIME('3 1 2010', 'd M yyyy'), PARSEDATETIME('3 1 2010', 'd M yyyy'), 'PRIVATE', 'private folder', 'FOLDER', 'prifol', 2, 2, null);
insert into Folder (id) values (16);
  
insert into   
  Material (id, created, modified, publicity, title, type, urlName, creator_id, modifier_id, parentFolder_id)
values   
  (17, PARSEDATETIME('4 1 2010', 'd M yyyy'), PARSEDATETIME('4 1 2010', 'd M yyyy'), 'PRIVATE', 'private subfolder', 'FOLDER', 'prisubfol', 2, 2, 16);
insert into Folder (id) values (17);
  
insert into   
  Material (id, created, modified, publicity, title, type, urlName, creator_id, modifier_id, parentFolder_id)
values   
  (18, PARSEDATETIME('5 1 2010', 'd M yyyy'), PARSEDATETIME('5 1 2010', 'd M yyyy'), 'PRIVATE', 'private subsubfolder', 'FOLDER', 'prisubsubfol', 2, 2, 17);
insert into Folder (id) values (18);

insert into   
  Material (id, created, modified, publicity, title, type, urlName, creator_id, modifier_id, parentFolder_id, license, description)
values 
  (3, PARSEDATETIME('6 1 2010', 'd M yyyy'), PARSEDATETIME('6 1 2010', 'd M yyyy'), 'PRIVATE', 'Document', 'DOCUMENT', 'document', 2, 2, null, 'http://creativecommons.org/licenses/by-sa/4.0/', 'Document material for automated tests'),
  (4, PARSEDATETIME('7 1 2010', 'd M yyyy'), PARSEDATETIME('7 1 2010', 'd M yyyy'), 'PRIVATE', 'Document in Folder', 'DOCUMENT', 'document_in_folder', 2, 2, 1, null, null),
  (5, PARSEDATETIME('8 1 2010', 'd M yyyy'), PARSEDATETIME('8 1 2010', 'd M yyyy'), 'PRIVATE', 'Document in Subfolder', 'DOCUMENT', 'document_in_subfolder', 2, 2, 2, null, null),
  (6, PARSEDATETIME('9 1 2010', 'd M yyyy'), PARSEDATETIME('9 1 2010', 'd M yyyy'), 'PRIVATE', 'Image', 'IMAGE', 'image', 2, 2, null, null, null),
  (7, PARSEDATETIME('10 1 2010', 'd M yyyy'), PARSEDATETIME('10 1 2010', 'd M yyyy'), 'PRIVATE', 'Image in Folder', 'IMAGE', 'image_in_folder', 2, 2, 1, 'http://www.example.com/custom-license', 'Image for automated tests'),
  (8, PARSEDATETIME('11 1 2010', 'd M yyyy'), PARSEDATETIME('11 1 2010', 'd M yyyy'), 'PRIVATE', 'Image in Subfolder', 'IMAGE', 'image_in_subfolder', 2, 2, 2, null, null),
  (9, PARSEDATETIME('12 1 2010', 'd M yyyy'), PARSEDATETIME('12 1 2010', 'd M yyyy'), 'PRIVATE', 'Vector Image', 'VECTOR_IMAGE', 'vectorimage', 2, 2, null, null, null),
  (10, PARSEDATETIME('13 1 2010', 'd M yyyy'), PARSEDATETIME('13 1 2010', 'd M yyyy'), 'PRIVATE', 'Vector Image in Folder', 'VECTOR_IMAGE', 'vectorimage_in_folder', 2, 2, 1, null, null),
  (11, PARSEDATETIME('14 1 2010', 'd M yyyy'), PARSEDATETIME('14 1 2010', 'd M yyyy'), 'PRIVATE', 'Vector Image in Subfolder', 'VECTOR_IMAGE', 'vectorimage_in_subfolder', 2, 2, 2, null, null),
  (12, PARSEDATETIME('15 1 2010', 'd M yyyy'), PARSEDATETIME('15 1 2010', 'd M yyyy'), 'PRIVATE', 'Google Doc', 'GOOGLE_DOCUMENT', 'googledoc', 2, 2, null, null, null),
  (13, PARSEDATETIME('16 1 2010', 'd M yyyy'), PARSEDATETIME('16 1 2010', 'd M yyyy'), 'PRIVATE', 'Google Doc in Folder', 'GOOGLE_DOCUMENT', 'googledoc_in_folder', 2, 2, 1, null, null),
  (14, PARSEDATETIME('17 1 2010', 'd M yyyy'), PARSEDATETIME('17 1 2010', 'd M yyyy'), 'PRIVATE', 'Google Doc in Subfolder', 'GOOGLE_DOCUMENT', 'googledoc_in_subfolder', 2, 2, 2, null, null),
  (15, PARSEDATETIME('18 1 2010', 'd M yyyy'), PARSEDATETIME('18 1 2010', 'd M yyyy'), 'PRIVATE', 'Beowulf pohti zuluja ja ångström-yksikköä katsellessaan Q-stone- ja CMX-yhtyeitä videolta.', 'DOCUMENT', 'beowulf_pohti_zuluja_ja_angstrom-yksikkoa_katsellessaan_q-stone-_ja_cmx-yhtyeita_videolta', 2, 2, null, null, null),
  (19, PARSEDATETIME('19 1 2010', 'd M yyyy'), PARSEDATETIME('19 1 2010', 'd M yyyy'), 'PRIVATE', 'Document', 'DOCUMENT', 'document-hyphen', 2, 2, null, null, null),
  (20, PARSEDATETIME('20 1 2010', 'd M yyyy'), PARSEDATETIME('20 1 2010', 'd M yyyy'), 'PRIVATE', 'Image', 'IMAGE', 'image-hyphen', 2, 2, null, null, null),
  (21, PARSEDATETIME('21 1 2010', 'd M yyyy'), PARSEDATETIME('21 1 2010', 'd M yyyy'), 'PRIVATE', 'Vector Image', 'VECTOR_IMAGE', 'vectorimage-hyphen', 2, 2, null, null, null),
  (22, PARSEDATETIME('22 1 2010', 'd M yyyy'), PARSEDATETIME('22 1 2010', 'd M yyyy'), 'PRIVATE', 'Google Doc', 'GOOGLE_DOCUMENT', 'googledoc-hyphen', 2, 2, null, null, null),
  (23, PARSEDATETIME('23 1 2010', 'd M yyyy'), PARSEDATETIME('23 1 2010', 'd M yyyy'), 'PRIVATE', 'Pdf', 'PDF', 'pdf', 2, 2, null, 'http://www.example.com/custom-license', null);
  
insert into 
  Document (id, data)
values 
  (3, '<p>Document in root</p>'), 
  (4, '<p>Document in folder</p>'), 
  (5, '<p>Document in subfolder</p>'),
  (15, '<p>Beowulf pohti zuluja ja ångström-yksikköä katsellessaan Q-stone- ja CMX-yhtyeitä videolta.</p>'),
  (19, '<p>Hyphen in url</p>');

insert into 
  Binary_ (id, contentType, data)
values 
  (6, 'image/jpeg', X'ffd8ffe000104a46494600010101012c012c0000ffe10be64578696600004d4d002a000000080007011200030000000100010000011a00050000000100000062011b0005000000010000006a012800030000000100020000013100020000000b0000007201320002000000140000007e876900040000000100000092000000d40000012c000000010000012c0000000147494d5020322e382e360000323031343a30343a32332030373a30333a3535000005900000070000000430323130a00000070000000430313030a00100030000000100010000a002000400000001000000c8a003000400000001000000b7000000000006010300030000000100060000011a00050000000100000122011b0005000000010000012a012800030000000100020000020100040000000100000132020200040000000100000aac0000000000000048000000010000004800000001ffd8ffe000104a46494600010100000100010000ffdb00430050373c463c32504641465a55505f78c882786e6e78f5afb991c8ffffffffffffffffffffffffffffffffffffffffffffffffffffffffffffffffffffffffffffffdb004301555a5a786978eb8282ebffffffffffffffffffffffffffffffffffffffffffffffffffffffffffffffffffffffffffffffffffffffffffffffffffffffffffffffc000110800a700b703012200021101031101ffc4001f0000010501010101010100000000000000000102030405060708090a0bffc400b5100002010303020403050504040000017d01020300041105122131410613516107227114328191a1082342b1c11552d1f02433627282090a161718191a25262728292a3435363738393a434445464748494a535455565758595a636465666768696a737475767778797a838485868788898a92939495969798999aa2a3a4a5a6a7a8a9aab2b3b4b5b6b7b8b9bac2c3c4c5c6c7c8c9cad2d3d4d5d6d7d8d9dae1e2e3e4e5e6e7e8e9eaf1f2f3f4f5f6f7f8f9faffc4001f0100030101010101010101010000000000000102030405060708090a0bffc400b51100020102040403040705040400010277000102031104052131061241510761711322328108144291a1b1c109233352f0156272d10a162434e125f11718191a262728292a35363738393a434445464748494a535455565758595a636465666768696a737475767778797a82838485868788898a92939495969798999aa2a3a4a5a6a7a8a9aab2b3b4b5b6b7b8b9bac2c3c4c5c6c7c8c9cad2d3d4d5d6d7d8d9dae2e3e4e5e6e7e8e9eaf2f3f4f5f6f7f8f9faffda000c03010002110311003f00407d69d51ed93d57f2a4c483b03408969bbb6c80ff00b269a2423a8228ff005878ed40135b8c2b7d71fa54a7a5321fb99f524d2c87087d4f14c0adfc44527dd901ec7834a3ae7d691c6578eb4fa00ac3069c9f771e9c527de50d9ebda88cf26a407d2c4332907b8a4a58b8947d0d0059a28a4a00456dc4fa0a7520c76a5a0028a293b9a0041d4d3a9077a5a0029a3ef139ec05293804d449e9ead401301814514500671723d0fd09a50643f779fc41a969081d40e6818d0d2778cd3d0e43310463a51b8e376e34ec1f954f52726800c1585867a714c77df18fa7eb5237dddbead519032cc3eea7f3a62065c05f6e2929fc32fd698460e0d500d8c0f997d0d397effe14d1f2ca0faf14ee8d52c07d03efafd69acdb464d08af21c93b57b5202de4671de900ea4f535181b4753f89a4190bc360fb5004c0606296a25978c9e47a8a96800a407233413fad2d0020ef4b49de96801adce07ad32307cc39e833fafff005a9fc6e2c4f1d29c2800a2918e071d68a00a8485c64d2d203f3ae4679c539210a32dcfb76a06323219b1c601c9a70605b79e067029cab1b0c0503f0a6a42a304e703d6801c4f05fb9fbb4f0988b69fc6990fce777f0af0296673f747738a62234383b695c719a197b8a4cee53ed54031c7cb9ee39a7039c11de90f22914fee87e552c07850ed93f757f53526e34d0005dbd4514803a734e4eb4c670bf5a679ded40164003a52c670767e22abacd938e952124e08fbcb4013e39cd2d22e768cf5c52d0035b8707d8d29e052367e5faf34ea00638c44453c74a6c9c21a527e5a003a907b0a291d822ff21450055419907d6a7c76ed50c5feb0f3f854bc7419eb40c8c29600742bc669eca704939c0e94b8e723f1a53c8c50057569238fcc38e7b7ad2b1c953ed9fce9d2e1e3d8bc9ed4d906180f45029a11253186d3b80fad2a1c8c7714eaa021149160803dc9a3eeb914c46d849a96058cf38c54723e3814c3231f6a6d201caa58d4c2d323249a640406e6af8e94019d245e59a512e17919ab171866c0a54b75dbcd00491b6f8d5bd453aa386331295ce46722a4a0043d29690f434018a004619207bd0bca2d3bbd373b63fc2802263ba43e83814534650e1fa9ef4532d0c87fd71fc6a7c0c9f5aac870cc7b75a9c48093814891c7a544ee4640e4d399fd3eb9a646430f72fcfbd004b147b17d4f7a89c67e6ab150f51548445d391535427a53d55f197240ec051702295bf7981e94ca9650aa3818c9a4813736f2320741eb520464103241028abad82b8350b44872470680210706a513b018cd33ca6f6fce8f29fd07e7400e5932f935751c30ace2aebd54d4b6f27ef40cd005e3494514008dca9a514119a0734009fc79f6a1802a41a504127da9ad220c82c3e9401046de62ed71cd15193b30d8e07f2a29944e403dbbd1b1718c52d07a5210df2d3fba291d3a15e08e869f41200c9a0011f23e6e0f715087c96080b73c50ecb2636f23b9a9005e36f007a517111aa6d6dce416ec3d295892c3d69cc72699d013de802195b2c7daaca011c6a3daaaa8dcea3d4d5a6eb40099e6a292421b038a930339f4a8e55248205002c4c581cd3ce7b1c53635dabcf5a479369c0eb40126ec734144906e1f2b7a8eb4c8df7039ed4f06801f1484111c9f7bb1f5a9aa0203af3d453a2909043fde5fd68025a2807201a28022de4332ae339cf351afde3b860f5a571be46c71b7f5346eca86ee3ad343108ec68a5c8070dd3b1a2980f1d39a3b52d15203471927a7ad3154484b3723b0a73fcc76f61c9a13a50214608f97814d2c4e4118a731c0a6500149d6968a04418db30fad4f4c7c1c7a834fa062020f4a296928011ce149a8304826a693ee9a89180c83d0d003e1230477a96ab1183c1a9d4ee506810f53834487690e3a8fd45252b1c8140cb0082011d0d23305527d05456cdc14cfdd34e9bee607f11c500471719cf53c9a43f2bfb1e0d2affac61ec2958656a8620195da7a8a2909db86edd0d140121381934d66d8b93c9cd3aa39ff00817d4d4807afb9c9a70202839a809da1cf61d2a68c010ae7d3340818e4fb53480460d2d2119a005a8a3387606a5a8243b65045004ac320d3a9072296800a28a2810544d1024ed383e95231da3268041e868195981538618a7c726de3a8a9880c304546611db8a007ab061914ea6226c1ef4fa0420e0e4707d6a5dfbf9f4ed51d00ed607b74342180ff005df5069fea2987fd6afd4d3f387fa8aa188bdc1a2871de8a0071e78a87efb97ec3815237caa5bb814d036a2afa0a906453f098f5a981c44bf4a8273dbdaa443945fa5021d4d63b4669d4c93ee9a007d4538f941f434f8db72d2b2ee523d6801b11ca63d29f557953b4f514f5948ebcd004d4b51f9a3d0d2198761408908c8c1a81a364395e47f2a0c8c7bd264e08cf5a063926ec6a55756e86ab9191480faf5a00b745409211c1e454c0e466810b4633c1ef4503ad031a80b3293d89cd48fd6900c4cdee3343f5aa18e1f30a29aa7068a00593fd591eb48dd689380a3de90d48995a5396269d049c6c3f8546fd0d201f2fbd005bdc3d45432be781d0533f84376a6939e05004f07434f660b8cd3611f29a26195cfa5002c881d78ebd8d5707b1eb52c4fced3f8524c9cee1d2801941a419e8696800a28a5009190280128ee334628a005230714f89bf84fe151e72307a8fe545005aa298ae0a64f6a1c9c00a393dfd280099ff0078bb79352375a8c460291d49ea69431030dd40ebeb4d00ea2abbb97e070b453b8c9d9b7487d178a6c8d84fad145488ae46452d1450022b00c437dd3530887af145140120000c0a493ee37d28a2802b8192077ab08d9c83d475a28a0063459e56a320a9c1a28a042a26efa54e0003028a28002011cd432205231d28a28008e3def8ce3e5cd35815620f5145140c9625c2f3de9e060628a28016a099b736dec28a2801945145007fffd9ffe106a2687474703a2f2f6e732e61646f62652e636f6d2f7861702f312e302f003c3f787061636b657420626567696e3d27efbbbf272069643d2757354d304d7043656869487a7265537a4e54637a6b633964273f3e0a3c783a786d706d65746120786d6c6e733a783d2761646f62653a6e733a6d6574612f273e0a3c7264663a52444620786d6c6e733a7264663d27687474703a2f2f7777772e77332e6f72672f313939392f30322f32322d7264662d73796e7461782d6e7323273e0a0a203c7264663a4465736372697074696f6e20786d6c6e733a786d703d27687474703a2f2f6e732e61646f62652e636f6d2f7861702f312e302f273e0a20203c786d703a43726561746f72546f6f6c3e41646f62652050686f746f73686f7020435335204d6163696e746f73683c2f786d703a43726561746f72546f6f6c3e0a20203c786d703a437265617465446174653e323031332d30392d30325431363a33393a31352b30333a30303c2f786d703a437265617465446174653e0a20203c786d703a4d65746164617461446174653e323031332d30392d31365431343a33383a30392b30333a30303c2f786d703a4d65746164617461446174653e0a20203c786d703a4d6f64696679446174653e323031332d30392d31365431343a33383a30392b30333a30303c2f786d703a4d6f64696679446174653e0a203c2f7264663a4465736372697074696f6e3e0a0a203c7264663a4465736372697074696f6e20786d6c6e733a64633d27687474703a2f2f7075726c2e6f72672f64632f656c656d656e74732f312e312f273e0a20203c64633a666f726d61743e696d6167652f6a7065673c2f64633a666f726d61743e0a203c2f7264663a4465736372697074696f6e3e0a0a203c7264663a4465736372697074696f6e20786d6c6e733a786d704d4d3d27687474703a2f2f6e732e61646f62652e636f6d2f7861702f312e302f6d6d2f273e0a20203c786d704d4d3a496e7374616e636549443e786d702e6969643a30363830313137343037323036383131383843363943413339333941313837423c2f786d704d4d3a496e7374616e636549443e0a20203c786d704d4d3a4f726967696e616c446f63756d656e7449443e786d702e6469643a30313830313137343037323036383131393130394643433541433745463231423c2f786d704d4d3a4f726967696e616c446f63756d656e7449443e0a20203c786d704d4d3a496e7374616e636549443e786d702e6969643a30363830313137343037323036383131383843363943413339333941313837423c2f786d704d4d3a496e7374616e636549443e0a20203c786d704d4d3a446f63756d656e744944207264663a7265736f757263653d27786d702e6469643a303138303131373430373230363831313931303946434335414337454632314227202f3e0a20203c786d704d4d3a4f726967696e616c446f63756d656e7449443e786d702e6469643a30313830313137343037323036383131393130394643433541433745463231423c2f786d704d4d3a4f726967696e616c446f63756d656e7449443e0a20203c786d704d4d3a486973746f72793e0a2020203c7264663a5365713e0a2020203c2f7264663a5365713e0a20203c2f786d704d4d3a486973746f72793e0a20203c786d704d4d3a4465726976656446726f6d207264663a7061727365547970653d275265736f75726365273e0a20203c2f786d704d4d3a4465726976656446726f6d3e0a203c2f7264663a4465736372697074696f6e3e0a0a203c7264663a4465736372697074696f6e20786d6c6e733a70686f746f73686f703d27687474703a2f2f6e732e61646f62652e636f6d2f70686f746f73686f702f312e302f273e0a20203c70686f746f73686f703a436f6c6f724d6f64653e333c2f70686f746f73686f703a436f6c6f724d6f64653e0a20203c70686f746f73686f703a49434350726f66696c653e735247422049454336313936362d322e313c2f70686f746f73686f703a49434350726f66696c653e0a20203c70686f746f73686f703a446f63756d656e74416e636573746f72733e0a2020203c7264663a5365713e0a202020203c7264663a6c693e786d702e6469643a30313830313137343037323036383131393130394643433541433745463231423c2f7264663a6c693e0a2020203c2f7264663a5365713e0a20203c2f70686f746f73686f703a446f63756d656e74416e636573746f72733e0a203c2f7264663a4465736372697074696f6e3e0a0a3c2f7264663a5244463e0a3c2f783a786d706d6574613e0a3c3f787061636b657420656e643d2772273f3e0affe20c584943435f50524f46494c4500010100000c484c696e6f021000006d6e74725247422058595a2007ce00020009000600310000616373704d5346540000000049454320735247420000000000000000000000010000f6d6000100000000d32d4850202000000000000000000000000000000000000000000000000000000000000000000000000000000000000000000000001163707274000001500000003364657363000001840000006c77747074000001f000000014626b707400000204000000147258595a00000218000000146758595a0000022c000000146258595a0000024000000014646d6e640000025400000070646d6464000002c400000088767565640000034c0000008676696577000003d4000000246c756d69000003f8000000146d6561730000040c0000002474656368000004300000000c725452430000043c0000080c675452430000043c0000080c625452430000043c0000080c7465787400000000436f70797269676874202863292031393938204865776c6574742d5061636b61726420436f6d70616e790000646573630000000000000012735247422049454336313936362d322e31000000000000000000000012735247422049454336313936362d322e31000000000000000000000000000000000000000000000000000000000000000000000000000000000000000000000000000058595a20000000000000f35100010000000116cc58595a200000000000000000000000000000000058595a200000000000006fa2000038f50000039058595a2000000000000062990000b785000018da58595a2000000000000024a000000f840000b6cf64657363000000000000001649454320687474703a2f2f7777772e6965632e636800000000000000000000001649454320687474703a2f2f7777772e6965632e63680000000000000000000000000000000000000000000000000000000000000000000000000000000000000000000064657363000000000000002e4945432036313936362d322e312044656661756c742052474220636f6c6f7572207370616365202d207352474200000000000000000000002e4945432036313936362d322e312044656661756c742052474220636f6c6f7572207370616365202d20735247420000000000000000000000000000000000000000000064657363000000000000002c5265666572656e63652056696577696e6720436f6e646974696f6e20696e2049454336313936362d322e3100000000000000000000002c5265666572656e63652056696577696e6720436f6e646974696f6e20696e2049454336313936362d322e31000000000000000000000000000000000000000000000000000076696577000000000013a4fe00145f2e0010cf140003edcc0004130b00035c9e0000000158595a2000000000004c09560050000000571fe76d6561730000000000000001000000000000000000000000000000000000028f0000000273696720000000004352542063757276000000000000040000000005000a000f00140019001e00230028002d00320037003b00400045004a004f00540059005e00630068006d00720077007c00810086008b00900095009a009f00a400a900ae00b200b700bc00c100c600cb00d000d500db00e000e500eb00f000f600fb01010107010d01130119011f0125012b01320138013e0145014c0152015901600167016e0175017c0183018b0192019a01a101a901b101b901c101c901d101d901e101e901f201fa0203020c0214021d0226022f02380241024b0254025d02670271027a0284028e029802a202ac02b602c102cb02d502e002eb02f50300030b03160321032d03380343034f035a03660372037e038a039603a203ae03ba03c703d303e003ec03f9040604130420042d043b0448045504630471047e048c049a04a804b604c404d304e104f004fe050d051c052b053a05490558056705770586059605a605b505c505d505e505f6060606160627063706480659066a067b068c069d06af06c006d106e306f507070719072b073d074f076107740786079907ac07bf07d207e507f8080b081f08320846085a086e0882089608aa08be08d208e708fb09100925093a094f09640979098f09a409ba09cf09e509fb0a110a270a3d0a540a6a0a810a980aae0ac50adc0af30b0b0b220b390b510b690b800b980bb00bc80be10bf90c120c2a0c430c5c0c750c8e0ca70cc00cd90cf30d0d0d260d400d5a0d740d8e0da90dc30dde0df80e130e2e0e490e640e7f0e9b0eb60ed20eee0f090f250f410f5e0f7a0f960fb30fcf0fec1009102610431061107e109b10b910d710f511131131114f116d118c11aa11c911e81207122612451264128412a312c312e31303132313431363138313a413c513e5140614271449146a148b14ad14ce14f01512153415561578159b15bd15e0160316261649166c168f16b216d616fa171d17411765178917ae17d217f7181b18401865188a18af18d518fa19201945196b199119b719dd1a041a2a1a511a771a9e1ac51aec1b141b3b1b631b8a1bb21bda1c021c2a1c521c7b1ca31ccc1cf51d1e1d471d701d991dc31dec1e161e401e6a1e941ebe1ee91f131f3e1f691f941fbf1fea20152041206c209820c420f0211c2148217521a121ce21fb22272255228222af22dd230a23382366239423c223f0241f244d247c24ab24da250925382568259725c725f726272657268726b726e827182749277a27ab27dc280d283f287128a228d429062938296b299d29d02a022a352a682a9b2acf2b022b362b692b9d2bd12c052c392c6e2ca22cd72d0c2d412d762dab2de12e162e4c2e822eb72eee2f242f5a2f912fc72ffe3035306c30a430db3112314a318231ba31f2322a3263329b32d4330d3346337f33b833f1342b3465349e34d83513354d358735c235fd3637367236ae36e937243760379c37d738143850388c38c839053942397f39bc39f93a363a743ab23aef3b2d3b6b3baa3be83c273c653ca43ce33d223d613da13de03e203e603ea03ee03f213f613fa23fe24023406440a640e74129416a41ac41ee4230427242b542f7433a437d43c044034447448a44ce45124555459a45de4622466746ab46f04735477b47c04805484b489148d7491d496349a949f04a374a7d4ac44b0c4b534b9a4be24c2a4c724cba4d024d4a4d934ddc4e254e6e4eb74f004f494f934fdd5027507150bb51065150519b51e65231527c52c75313535f53aa53f65442548f54db5528557555c2560f565c56a956f75744579257e0582f587d58cb591a596959b85a075a565aa65af55b455b955be55c355c865cd65d275d785dc95e1a5e6c5ebd5f0f5f615fb36005605760aa60fc614f61a261f56249629c62f06343639763eb6440649464e9653d659265e7663d669266e8673d679367e9683f689668ec6943699a69f16a486a9f6af76b4f6ba76bff6c576caf6d086d606db96e126e6b6ec46f1e6f786fd1702b708670e0713a719571f0724b72a67301735d73b87414747074cc7528758575e1763e769b76f8775677b37811786e78cc792a798979e77a467aa57b047b637bc27c217c817ce17d417da17e017e627ec27f237f847fe5804780a8810a816b81cd8230829282f4835783ba841d848084e3854785ab860e867286d7873b879f8804886988ce8933899989fe8a648aca8b308b968bfc8c638cca8d318d988dff8e668ece8f368f9e9006906e90d6913f91a89211927a92e3934d93b69420948a94f4955f95c99634969f970a977597e0984c98b89924999099fc9a689ad59b429baf9c1c9c899cf79d649dd29e409eae9f1d9f8b9ffaa069a0d8a147a1b6a226a296a306a376a3e6a456a4c7a538a5a9a61aa68ba6fda76ea7e0a852a8c4a937a9a9aa1caa8fab02ab75abe9ac5cacd0ad44adb8ae2daea1af16af8bb000b075b0eab160b1d6b24bb2c2b338b3aeb425b49cb513b58ab601b679b6f0b768b7e0b859b8d1b94ab9c2ba3bbab5bb2ebba7bc21bc9bbd15bd8fbe0abe84beffbf7abff5c070c0ecc167c1e3c25fc2dbc358c3d4c451c4cec54bc5c8c646c6c3c741c7bfc83dc8bcc93ac9b9ca38cab7cb36cbb6cc35ccb5cd35cdb5ce36ceb6cf37cfb8d039d0bad13cd1bed23fd2c1d344d3c6d449d4cbd54ed5d1d655d6d8d75cd7e0d864d8e8d96cd9f1da76dafbdb80dc05dc8add10dd96de1cdea2df29dfafe036e0bde144e1cce253e2dbe363e3ebe473e4fce584e60de696e71fe7a9e832e8bce946e9d0ea5beae5eb70ebfbec86ed11ed9cee28eeb4ef40efccf058f0e5f172f1fff28cf319f3a7f434f4c2f550f5def66df6fbf78af819f8a8f938f9c7fa57fae7fb77fc07fc98fd29fdbafe4bfedcff6dffffffdb00430050373c463c32504641465a55505f78c882786e6e78f5afb991c8ffffffffffffffffffffffffffffffffffffffffffffffffffffffffffffffffffffffffffffffdb004301555a5a786978eb8282ebffffffffffffffffffffffffffffffffffffffffffffffffffffffffffffffffffffffffffffffffffffffffffffffffffffffffffffffc200110800b700c803011100021101031101ffc40017000003010000000000000000000000000000010203ffc4001501010100000000000000000000000000000001ffda000c0301000210031000000148c04334208a202800d404300010c043300018cd0cc9a4540303500000000020b3054302d190aac0700c0d443000000112598a83829a252c40286324d400a0000010c0c9410c6894b19228605000c650008621818a80228a455204950c602280a1808621818ad92324d122810822c4492059a1402188625c8d09288251d512208a200d9526451b0000088592c604824d50198a0019baa1252b40000442c9a01208ea00a3280620181a1aaa400000c964b01250549254414592480846e5000008c96c000480864906c2200b10c46a0004094aa800044a512224d0448142194234003257415008408c40220d0000c86680302c445a015008494210012508008028a011a92b3401501209448800450001988658c450ed9188a89252800404960000211006a00359aa11510080c000c8d404311250c4300105b401128806324a33194301124145140002b680225108b1106823218c04002194580005a0e126649a0883510198c0000000b28082ed4381332462036200448c0000000d04312c96819880a28a2093411032c649051268303311ffc4001e10000104030101010000000000000000000100101120303141022140ffda000801010001050273aeaf4c29dc9f5a58316ea0ddcb2a5bb3f7ae328da8a060e2b2a72f18edbadac5ca415d41173801a9bf50bcb841fa8b15d78fa2a28022186edd1bc8104500a2dcd21b6282368a838034b7468a2d08af2f0a1416f3aac8a430f88add89429aca1ce86d8a0d2fac7151ba8a063a193b60e58a1f848b061b73a42a2f0a2a175cb79af6b383b42bce9ba8a9aeda54d45385797ed254d853ac748b4a97947107eb1636282233f69b50c5e2f1f285bfffc40014110100000000000000000000000000000090ffda0008010301013f010fff00ffc40014110100000000000000000000000000000090ffda0008010201013f010fff00ffc4001c1000020105010000000000000000000000114001102131506070ffda0008010100063f02e37152c862efc292ccedcf283d9fffc4002510000202020203000203010100000000000001101121312041516171308191a1b1d1e1ffda0008010100013f219d86e3a47650b50bfccb79e2b4a7b8f833e20f284cafdc3e685a348c6690b5fc6b55ee2feff11a8a9b551d899bfed0f46d5cbb51df17a97e0ffa450aad32fd05bbad1d18f6c7b6c71d90b7179a59137d96b12778e7db12ae1ab1e29e4bc22b286369d0ec79c0a859656458f90a143c419e0bcd5192f05bd90b1909dbdb32c098cd0f62d7b7c2cda2c5ee7b8d27bfdc5bcfd2d6fa1bc1bd0f5068e87a16a4fc25acd9f16874375e450efe9465736f914347536ec424c70ed67df1ec5a46d9c1ea6e8aa4ddb8598f22c4ec3607c44d1f27815d32b8a5edee4b71dc365d4d97f867ebf816c562c4ce8937ad987b7140c6938dfca3f7175bc0d6bc51ee1ffec514f052a3a1e874a8ce98f62c6a36fe9a8c835cda786537b5af0276ad704de90b93aec4edecd28c066b2bd8a3742ca1337b5aecbd7b9edb45e2cf4e7b1bcd22a8d4b57ca7966d28c5ff00486a666869fd36abc4bc09661f0aae25b1aa1ae11e5e23548ec33bb9ec438ec7a1651e38f80be84e9f07ac31ecd91b5518397d0d9667b97a1fae6d18d90aef83742ff2763dc755e4eecd5fde3ae5b274c4ef97b16a3d9d42cb6ff4686cfb3da374c5c163a1f04c2e2fee311d0b088d4eca5b83568d619658b72695b34c38d833713a76507e11d1b5096bf02d7c86b96ef0fe471a46c216e14dbae225653e08b1db75d158a2eb0c6efe0ddfc0de258abe8549ade04ec7e03542562550d4696a2b152d6ea3ffda000c03010002000300000010b6dabf64da6db6db6da4d257f4db6d369269b4410bdd9349a6da6db680a707b26d26da69a4d100b2b6e9b6d34da4d304939fe920534db49a449226dba28269b6d2441043ff0064c329369a6d9008db649064b2d34da000ebec9241345a69ae087576d36934db4d274805ecdb4d86da6db5010404d34d941a49b7480494906800404536c12484900116d000b68920129149a0034882902412922d240025b402a4821240140a2102002c121968a2c804b4c005804a08b01b2000d200ae0169b2c96824934406c90926d06da0da09a49ca936d82d22082124904fffc4001b11010002020300000000000000000000000120400060105070ffda0008010301013f10915de0aeef0593b220da70f2622e9ad66055ffc4001b11010100030003000000000000000000000140101150003060ffda0008010201013f10f434b398672932cc6598cbce292930b46f927d1949d3df4c7c6affc400261001000202010401040301000000000000010011213110415161718120a1b1c191d1f0e1ffda0008010100013f101efcfd845051ea7e17f7c689b3dcfe0ea25a9dc8ac3c1b077473400dbf4fdb1c866f80fcc0ad4f4ff32cedfc303a71ee210ef3155a57eb8b3e03f73447c03860acbf69f938c57dfe39a2efaf2e08641868f5c2d0af496b2db47f7c2cecf718767ed2dd92914b5e84144efa2ffbe261ac0b3f70b0b7cbdb2aacf30db2186d3678ba4f30d4dd3a1b808b7d7e8d9ce6794574ed7f75716ecbf982d83c39251eb7fbd4adf0026ddcb61be807fdf8812fa9961cdf4e35ec3367ae1bd157889a4856a9858aa6ba388aee5d6794c9e381b2f82d4d51440b5758e0b9d38bb5b466583af6fdc5156f44a211a32faffb2c23d4c278894d4d2f4710a82b0997ed0e20f6f78bbe950572d9de13231dc3ab5e3808676ef856a3d18b45c6f971c741dd8da81ab609c8b3706b3e1de36d5bae9a961a10c1181ee0f88c68e9d7f12ac3373d4eaf6cc50cb5572e5cef37d3c72627ac6989443edf1c817ce77fa897345f73f3c1a1773340dc005d159fe650abbaa232c14e457a9a92ae9dfba8fe0fe2656bb59764dcd97b3325ea65fe35c5d16b15c6117baac147492979212e0a5e6b6ee5719d0eb16c798c00dfd8417b75fd4c2fa899e681728743bca2bc8182604601511e6bbf155a7cc5b7ea3bf822d2ab89ac6a1b600c99819129bc43436b0395aaf706e2587b0cfb622f84c111ef7fa8b968662094eb84aa0b7b45a95d920f52205912c4974424626f7c2a81768385c272caeb34df2d62fbe381ca7696c7b0a8d569d8ff00737f8b9e218288aaaaed704cae6b513a225353ef9168b62da7a2dcea1d5815aaa0df033ac5ae65605d4112ce5ca1c1b78429e958dea50f720a00fbc71ad66b30938bc3f0f59f6d73609a1ee52abfe501be4dac4587625258b5d78222b3125acd55cb744f99fe07fa88683d1965415e65839719ab785659de218adf6960b0c0d3c4727fc94ec4f0a2d4a2bb44f60d3084b4dc4c429ddfd401acbbbde0d2f623647745051c214311d53c161bccb155fb26c17ae0c92c7e810018b5bf6c68a25236fcc4a6b92ab1d78444a40cfad7d21d455f31c189a041e8662db28b1ea4d11417de00b65a04df1d062a9b9a7ee52a99e8e517000f7da46c0f4dcd3d0e8c35aae3a0b8c86abcac156e5eeb14a296f4c45b78a9152f5f4a6e9a79566621568cfec71e0821a439a730ca3a80b56f0e55165196576ca2ed33174fa2829d6f800d1512c8f6ef181bd465e3a32a53b3874c54d76ae0882699f269f6cc59f786c19743bb0f037716cbd03ef2d6a6e2a38cdbb468937150f722239dd3f4a0d8b3b4b57e12a183659c2589de355acd0ca25eda9a3e9958481628cf8a2a144a742a327d0c472caf8cf582d1313d9f5264cc273bef3c911015be76532cb5b3ef31f6fda1b1f330b47f98eceeb3ea27a026490e57e8ddeef9df09654c41074dfd5749d987d33ec1fd4c0be2398db5d37323ef4f51538f9038bc706be043a0712ef5ca0db1627f9894e567980f8e8c070e1fa006c749505e5d31378fa45a4f6cc1e8a2c0ef17f25f0e49458e9c130ca575208d353cd14ebf42753851a5c73a20837ad315b0c45abb54dabb4575ed1a84181b875dd2f30d3d46976a7be3507a3be1fa40b3afe1c50a767034dcad551ac35369adc781dd38db3be0ba9d62d40bede0523de5f96cd4a95ab1fb42cf2728a8896c78ba6c8e87a31537298ecc3d13abcca68c428134618eff00096274c3e65178e605130aaddc237aea81e4f1a0798146892a5fc2417384454c65500638345acc3afa635ec56902da268e5e2471ffd9'),
  (7, 'image/jpeg', X'ffd8ffe000104a46494600010101012c012c0000ffe103b04578696600004d4d002a000000080007011200030000000100010000011a00050000000100000062011b0005000000010000006a012800030000000100020000013100020000000b0000007201320002000000140000007e876900040000000100000092000000d40000012c000000010000012c0000000147494d5020322e382e360000323031343a30343a32332030373a30373a3433000005900000070000000430323130a00000070000000430313030a00100030000000100010000a00200040000000100000001a00300040000000100000001000000000006010300030000000100060000011a00050000000100000122011b0005000000010000012a0128000300000001000200000201000400000001000001320202000400000001000002760000000000000048000000010000004800000001ffd8ffe000104a46494600010100000100010000ffdb00430050373c463c32504641465a55505f78c882786e6e78f5afb991c8ffffffffffffffffffffffffffffffffffffffffffffffffffffffffffffffffffffffffffffffdb004301555a5a786978eb8282ebffffffffffffffffffffffffffffffffffffffffffffffffffffffffffffffffffffffffffffffffffffffffffffffffffffffffffffffc00011080001000103012200021101031101ffc4001f0000010501010101010100000000000000000102030405060708090a0bffc400b5100002010303020403050504040000017d01020300041105122131410613516107227114328191a1082342b1c11552d1f02433627282090a161718191a25262728292a3435363738393a434445464748494a535455565758595a636465666768696a737475767778797a838485868788898a92939495969798999aa2a3a4a5a6a7a8a9aab2b3b4b5b6b7b8b9bac2c3c4c5c6c7c8c9cad2d3d4d5d6d7d8d9dae1e2e3e4e5e6e7e8e9eaf1f2f3f4f5f6f7f8f9faffc4001f0100030101010101010101010000000000000102030405060708090a0bffc400b51100020102040403040705040400010277000102031104052131061241510761711322328108144291a1b1c109233352f0156272d10a162434e125f11718191a262728292a35363738393a434445464748494a535455565758595a636465666768696a737475767778797a82838485868788898a92939495969798999aa2a3a4a5a6a7a8a9aab2b3b4b5b6b7b8b9bac2c3c4c5c6c7c8c9cad2d3d4d5d6d7d8d9dae2e3e4e5e6e7e8e9eaf2f3f4f5f6f7f8f9faffda000c03010002110311003f005a28a2811fffd9ffe106a2687474703a2f2f6e732e61646f62652e636f6d2f7861702f312e302f003c3f787061636b657420626567696e3d27efbbbf272069643d2757354d304d7043656869487a7265537a4e54637a6b633964273f3e0a3c783a786d706d65746120786d6c6e733a783d2761646f62653a6e733a6d6574612f273e0a3c7264663a52444620786d6c6e733a7264663d27687474703a2f2f7777772e77332e6f72672f313939392f30322f32322d7264662d73796e7461782d6e7323273e0a0a203c7264663a4465736372697074696f6e20786d6c6e733a786d703d27687474703a2f2f6e732e61646f62652e636f6d2f7861702f312e302f273e0a20203c786d703a43726561746f72546f6f6c3e41646f62652050686f746f73686f7020435335204d6163696e746f73683c2f786d703a43726561746f72546f6f6c3e0a20203c786d703a437265617465446174653e323031332d30392d30325431363a33393a31352b30333a30303c2f786d703a437265617465446174653e0a20203c786d703a4d65746164617461446174653e323031332d30392d31365431343a33383a30392b30333a30303c2f786d703a4d65746164617461446174653e0a20203c786d703a4d6f64696679446174653e323031332d30392d31365431343a33383a30392b30333a30303c2f786d703a4d6f64696679446174653e0a203c2f7264663a4465736372697074696f6e3e0a0a203c7264663a4465736372697074696f6e20786d6c6e733a64633d27687474703a2f2f7075726c2e6f72672f64632f656c656d656e74732f312e312f273e0a20203c64633a666f726d61743e696d6167652f6a7065673c2f64633a666f726d61743e0a203c2f7264663a4465736372697074696f6e3e0a0a203c7264663a4465736372697074696f6e20786d6c6e733a786d704d4d3d27687474703a2f2f6e732e61646f62652e636f6d2f7861702f312e302f6d6d2f273e0a20203c786d704d4d3a496e7374616e636549443e786d702e6969643a30363830313137343037323036383131383843363943413339333941313837423c2f786d704d4d3a496e7374616e636549443e0a20203c786d704d4d3a4f726967696e616c446f63756d656e7449443e786d702e6469643a30313830313137343037323036383131393130394643433541433745463231423c2f786d704d4d3a4f726967696e616c446f63756d656e7449443e0a20203c786d704d4d3a496e7374616e636549443e786d702e6969643a30363830313137343037323036383131383843363943413339333941313837423c2f786d704d4d3a496e7374616e636549443e0a20203c786d704d4d3a446f63756d656e744944207264663a7265736f757263653d27786d702e6469643a303138303131373430373230363831313931303946434335414337454632314227202f3e0a20203c786d704d4d3a4f726967696e616c446f63756d656e7449443e786d702e6469643a30313830313137343037323036383131393130394643433541433745463231423c2f786d704d4d3a4f726967696e616c446f63756d656e7449443e0a20203c786d704d4d3a486973746f72793e0a2020203c7264663a5365713e0a2020203c2f7264663a5365713e0a20203c2f786d704d4d3a486973746f72793e0a20203c786d704d4d3a4465726976656446726f6d207264663a7061727365547970653d275265736f75726365273e0a20203c2f786d704d4d3a4465726976656446726f6d3e0a203c2f7264663a4465736372697074696f6e3e0a0a203c7264663a4465736372697074696f6e20786d6c6e733a70686f746f73686f703d27687474703a2f2f6e732e61646f62652e636f6d2f70686f746f73686f702f312e302f273e0a20203c70686f746f73686f703a436f6c6f724d6f64653e333c2f70686f746f73686f703a436f6c6f724d6f64653e0a20203c70686f746f73686f703a49434350726f66696c653e735247422049454336313936362d322e313c2f70686f746f73686f703a49434350726f66696c653e0a20203c70686f746f73686f703a446f63756d656e74416e636573746f72733e0a2020203c7264663a5365713e0a202020203c7264663a6c693e786d702e6469643a30313830313137343037323036383131393130394643433541433745463231423c2f7264663a6c693e0a2020203c2f7264663a5365713e0a20203c2f70686f746f73686f703a446f63756d656e74416e636573746f72733e0a203c2f7264663a4465736372697074696f6e3e0a0a3c2f7264663a5244463e0a3c2f783a786d706d6574613e0a3c3f787061636b657420656e643d2772273f3e0affe20c584943435f50524f46494c4500010100000c484c696e6f021000006d6e74725247422058595a2007ce00020009000600310000616373704d5346540000000049454320735247420000000000000000000000010000f6d6000100000000d32d4850202000000000000000000000000000000000000000000000000000000000000000000000000000000000000000000000001163707274000001500000003364657363000001840000006c77747074000001f000000014626b707400000204000000147258595a00000218000000146758595a0000022c000000146258595a0000024000000014646d6e640000025400000070646d6464000002c400000088767565640000034c0000008676696577000003d4000000246c756d69000003f8000000146d6561730000040c0000002474656368000004300000000c725452430000043c0000080c675452430000043c0000080c625452430000043c0000080c7465787400000000436f70797269676874202863292031393938204865776c6574742d5061636b61726420436f6d70616e790000646573630000000000000012735247422049454336313936362d322e31000000000000000000000012735247422049454336313936362d322e31000000000000000000000000000000000000000000000000000000000000000000000000000000000000000000000000000058595a20000000000000f35100010000000116cc58595a200000000000000000000000000000000058595a200000000000006fa2000038f50000039058595a2000000000000062990000b785000018da58595a2000000000000024a000000f840000b6cf64657363000000000000001649454320687474703a2f2f7777772e6965632e636800000000000000000000001649454320687474703a2f2f7777772e6965632e63680000000000000000000000000000000000000000000000000000000000000000000000000000000000000000000064657363000000000000002e4945432036313936362d322e312044656661756c742052474220636f6c6f7572207370616365202d207352474200000000000000000000002e4945432036313936362d322e312044656661756c742052474220636f6c6f7572207370616365202d20735247420000000000000000000000000000000000000000000064657363000000000000002c5265666572656e63652056696577696e6720436f6e646974696f6e20696e2049454336313936362d322e3100000000000000000000002c5265666572656e63652056696577696e6720436f6e646974696f6e20696e2049454336313936362d322e31000000000000000000000000000000000000000000000000000076696577000000000013a4fe00145f2e0010cf140003edcc0004130b00035c9e0000000158595a2000000000004c09560050000000571fe76d6561730000000000000001000000000000000000000000000000000000028f0000000273696720000000004352542063757276000000000000040000000005000a000f00140019001e00230028002d00320037003b00400045004a004f00540059005e00630068006d00720077007c00810086008b00900095009a009f00a400a900ae00b200b700bc00c100c600cb00d000d500db00e000e500eb00f000f600fb01010107010d01130119011f0125012b01320138013e0145014c0152015901600167016e0175017c0183018b0192019a01a101a901b101b901c101c901d101d901e101e901f201fa0203020c0214021d0226022f02380241024b0254025d02670271027a0284028e029802a202ac02b602c102cb02d502e002eb02f50300030b03160321032d03380343034f035a03660372037e038a039603a203ae03ba03c703d303e003ec03f9040604130420042d043b0448045504630471047e048c049a04a804b604c404d304e104f004fe050d051c052b053a05490558056705770586059605a605b505c505d505e505f6060606160627063706480659066a067b068c069d06af06c006d106e306f507070719072b073d074f076107740786079907ac07bf07d207e507f8080b081f08320846085a086e0882089608aa08be08d208e708fb09100925093a094f09640979098f09a409ba09cf09e509fb0a110a270a3d0a540a6a0a810a980aae0ac50adc0af30b0b0b220b390b510b690b800b980bb00bc80be10bf90c120c2a0c430c5c0c750c8e0ca70cc00cd90cf30d0d0d260d400d5a0d740d8e0da90dc30dde0df80e130e2e0e490e640e7f0e9b0eb60ed20eee0f090f250f410f5e0f7a0f960fb30fcf0fec1009102610431061107e109b10b910d710f511131131114f116d118c11aa11c911e81207122612451264128412a312c312e31303132313431363138313a413c513e5140614271449146a148b14ad14ce14f01512153415561578159b15bd15e0160316261649166c168f16b216d616fa171d17411765178917ae17d217f7181b18401865188a18af18d518fa19201945196b199119b719dd1a041a2a1a511a771a9e1ac51aec1b141b3b1b631b8a1bb21bda1c021c2a1c521c7b1ca31ccc1cf51d1e1d471d701d991dc31dec1e161e401e6a1e941ebe1ee91f131f3e1f691f941fbf1fea20152041206c209820c420f0211c2148217521a121ce21fb22272255228222af22dd230a23382366239423c223f0241f244d247c24ab24da250925382568259725c725f726272657268726b726e827182749277a27ab27dc280d283f287128a228d429062938296b299d29d02a022a352a682a9b2acf2b022b362b692b9d2bd12c052c392c6e2ca22cd72d0c2d412d762dab2de12e162e4c2e822eb72eee2f242f5a2f912fc72ffe3035306c30a430db3112314a318231ba31f2322a3263329b32d4330d3346337f33b833f1342b3465349e34d83513354d358735c235fd3637367236ae36e937243760379c37d738143850388c38c839053942397f39bc39f93a363a743ab23aef3b2d3b6b3baa3be83c273c653ca43ce33d223d613da13de03e203e603ea03ee03f213f613fa23fe24023406440a640e74129416a41ac41ee4230427242b542f7433a437d43c044034447448a44ce45124555459a45de4622466746ab46f04735477b47c04805484b489148d7491d496349a949f04a374a7d4ac44b0c4b534b9a4be24c2a4c724cba4d024d4a4d934ddc4e254e6e4eb74f004f494f934fdd5027507150bb51065150519b51e65231527c52c75313535f53aa53f65442548f54db5528557555c2560f565c56a956f75744579257e0582f587d58cb591a596959b85a075a565aa65af55b455b955be55c355c865cd65d275d785dc95e1a5e6c5ebd5f0f5f615fb36005605760aa60fc614f61a261f56249629c62f06343639763eb6440649464e9653d659265e7663d669266e8673d679367e9683f689668ec6943699a69f16a486a9f6af76b4f6ba76bff6c576caf6d086d606db96e126e6b6ec46f1e6f786fd1702b708670e0713a719571f0724b72a67301735d73b87414747074cc7528758575e1763e769b76f8775677b37811786e78cc792a798979e77a467aa57b047b637bc27c217c817ce17d417da17e017e627ec27f237f847fe5804780a8810a816b81cd8230829282f4835783ba841d848084e3854785ab860e867286d7873b879f8804886988ce8933899989fe8a648aca8b308b968bfc8c638cca8d318d988dff8e668ece8f368f9e9006906e90d6913f91a89211927a92e3934d93b69420948a94f4955f95c99634969f970a977597e0984c98b89924999099fc9a689ad59b429baf9c1c9c899cf79d649dd29e409eae9f1d9f8b9ffaa069a0d8a147a1b6a226a296a306a376a3e6a456a4c7a538a5a9a61aa68ba6fda76ea7e0a852a8c4a937a9a9aa1caa8fab02ab75abe9ac5cacd0ad44adb8ae2daea1af16af8bb000b075b0eab160b1d6b24bb2c2b338b3aeb425b49cb513b58ab601b679b6f0b768b7e0b859b8d1b94ab9c2ba3bbab5bb2ebba7bc21bc9bbd15bd8fbe0abe84beffbf7abff5c070c0ecc167c1e3c25fc2dbc358c3d4c451c4cec54bc5c8c646c6c3c741c7bfc83dc8bcc93ac9b9ca38cab7cb36cbb6cc35ccb5cd35cdb5ce36ceb6cf37cfb8d039d0bad13cd1bed23fd2c1d344d3c6d449d4cbd54ed5d1d655d6d8d75cd7e0d864d8e8d96cd9f1da76dafbdb80dc05dc8add10dd96de1cdea2df29dfafe036e0bde144e1cce253e2dbe363e3ebe473e4fce584e60de696e71fe7a9e832e8bce946e9d0ea5beae5eb70ebfbec86ed11ed9cee28eeb4ef40efccf058f0e5f172f1fff28cf319f3a7f434f4c2f550f5def66df6fbf78af819f8a8f938f9c7fa57fae7fb77fc07fc98fd29fdbafe4bfedcff6dffffffdb00430050373c463c32504641465a55505f78c882786e6e78f5afb991c8ffffffffffffffffffffffffffffffffffffffffffffffffffffffffffffffffffffffffffffffdb004301555a5a786978eb8282ebffffffffffffffffffffffffffffffffffffffffffffffffffffffffffffffffffffffffffffffffffffffffffffffffffffffffffffffc20011080001000103011100021101031101ffc40014000100000000000000000000000000000000ffc4001501010100000000000000000000000000000001ffda000c0301000210031000000127ffc40014100100000000000000000000000000000000ffda00080101000105027fffc40014110100000000000000000000000000000000ffda0008010301013f017fffc40014110100000000000000000000000000000000ffda0008010201013f017fffc40014100100000000000000000000000000000000ffda0008010100063f027fffc40014100100000000000000000000000000000000ffda0008010100013f217fffda000c03010002000300000010bfffc40014110100000000000000000000000000000000ffda0008010301013f107fffc40014110100000000000000000000000000000000ffda0008010201013f107fffc40014100100000000000000000000000000000000ffda0008010100013f107fffd9'),
  (8, 'image/jpeg', X'ffd8ffe000104a46494600010101012c012c0000ffe103b04578696600004d4d002a000000080007011200030000000100010000011a00050000000100000062011b0005000000010000006a012800030000000100020000013100020000000b0000007201320002000000140000007e876900040000000100000092000000d40000012c000000010000012c0000000147494d5020322e382e360000323031343a30343a32332030373a30373a3433000005900000070000000430323130a00000070000000430313030a00100030000000100010000a00200040000000100000001a00300040000000100000001000000000006010300030000000100060000011a00050000000100000122011b0005000000010000012a0128000300000001000200000201000400000001000001320202000400000001000002760000000000000048000000010000004800000001ffd8ffe000104a46494600010100000100010000ffdb00430050373c463c32504641465a55505f78c882786e6e78f5afb991c8ffffffffffffffffffffffffffffffffffffffffffffffffffffffffffffffffffffffffffffffdb004301555a5a786978eb8282ebffffffffffffffffffffffffffffffffffffffffffffffffffffffffffffffffffffffffffffffffffffffffffffffffffffffffffffffc00011080001000103012200021101031101ffc4001f0000010501010101010100000000000000000102030405060708090a0bffc400b5100002010303020403050504040000017d01020300041105122131410613516107227114328191a1082342b1c11552d1f02433627282090a161718191a25262728292a3435363738393a434445464748494a535455565758595a636465666768696a737475767778797a838485868788898a92939495969798999aa2a3a4a5a6a7a8a9aab2b3b4b5b6b7b8b9bac2c3c4c5c6c7c8c9cad2d3d4d5d6d7d8d9dae1e2e3e4e5e6e7e8e9eaf1f2f3f4f5f6f7f8f9faffc4001f0100030101010101010101010000000000000102030405060708090a0bffc400b51100020102040403040705040400010277000102031104052131061241510761711322328108144291a1b1c109233352f0156272d10a162434e125f11718191a262728292a35363738393a434445464748494a535455565758595a636465666768696a737475767778797a82838485868788898a92939495969798999aa2a3a4a5a6a7a8a9aab2b3b4b5b6b7b8b9bac2c3c4c5c6c7c8c9cad2d3d4d5d6d7d8d9dae2e3e4e5e6e7e8e9eaf2f3f4f5f6f7f8f9faffda000c03010002110311003f005a28a2811fffd9ffe106a2687474703a2f2f6e732e61646f62652e636f6d2f7861702f312e302f003c3f787061636b657420626567696e3d27efbbbf272069643d2757354d304d7043656869487a7265537a4e54637a6b633964273f3e0a3c783a786d706d65746120786d6c6e733a783d2761646f62653a6e733a6d6574612f273e0a3c7264663a52444620786d6c6e733a7264663d27687474703a2f2f7777772e77332e6f72672f313939392f30322f32322d7264662d73796e7461782d6e7323273e0a0a203c7264663a4465736372697074696f6e20786d6c6e733a786d703d27687474703a2f2f6e732e61646f62652e636f6d2f7861702f312e302f273e0a20203c786d703a43726561746f72546f6f6c3e41646f62652050686f746f73686f7020435335204d6163696e746f73683c2f786d703a43726561746f72546f6f6c3e0a20203c786d703a437265617465446174653e323031332d30392d30325431363a33393a31352b30333a30303c2f786d703a437265617465446174653e0a20203c786d703a4d65746164617461446174653e323031332d30392d31365431343a33383a30392b30333a30303c2f786d703a4d65746164617461446174653e0a20203c786d703a4d6f64696679446174653e323031332d30392d31365431343a33383a30392b30333a30303c2f786d703a4d6f64696679446174653e0a203c2f7264663a4465736372697074696f6e3e0a0a203c7264663a4465736372697074696f6e20786d6c6e733a64633d27687474703a2f2f7075726c2e6f72672f64632f656c656d656e74732f312e312f273e0a20203c64633a666f726d61743e696d6167652f6a7065673c2f64633a666f726d61743e0a203c2f7264663a4465736372697074696f6e3e0a0a203c7264663a4465736372697074696f6e20786d6c6e733a786d704d4d3d27687474703a2f2f6e732e61646f62652e636f6d2f7861702f312e302f6d6d2f273e0a20203c786d704d4d3a496e7374616e636549443e786d702e6969643a30363830313137343037323036383131383843363943413339333941313837423c2f786d704d4d3a496e7374616e636549443e0a20203c786d704d4d3a4f726967696e616c446f63756d656e7449443e786d702e6469643a30313830313137343037323036383131393130394643433541433745463231423c2f786d704d4d3a4f726967696e616c446f63756d656e7449443e0a20203c786d704d4d3a496e7374616e636549443e786d702e6969643a30363830313137343037323036383131383843363943413339333941313837423c2f786d704d4d3a496e7374616e636549443e0a20203c786d704d4d3a446f63756d656e744944207264663a7265736f757263653d27786d702e6469643a303138303131373430373230363831313931303946434335414337454632314227202f3e0a20203c786d704d4d3a4f726967696e616c446f63756d656e7449443e786d702e6469643a30313830313137343037323036383131393130394643433541433745463231423c2f786d704d4d3a4f726967696e616c446f63756d656e7449443e0a20203c786d704d4d3a486973746f72793e0a2020203c7264663a5365713e0a2020203c2f7264663a5365713e0a20203c2f786d704d4d3a486973746f72793e0a20203c786d704d4d3a4465726976656446726f6d207264663a7061727365547970653d275265736f75726365273e0a20203c2f786d704d4d3a4465726976656446726f6d3e0a203c2f7264663a4465736372697074696f6e3e0a0a203c7264663a4465736372697074696f6e20786d6c6e733a70686f746f73686f703d27687474703a2f2f6e732e61646f62652e636f6d2f70686f746f73686f702f312e302f273e0a20203c70686f746f73686f703a436f6c6f724d6f64653e333c2f70686f746f73686f703a436f6c6f724d6f64653e0a20203c70686f746f73686f703a49434350726f66696c653e735247422049454336313936362d322e313c2f70686f746f73686f703a49434350726f66696c653e0a20203c70686f746f73686f703a446f63756d656e74416e636573746f72733e0a2020203c7264663a5365713e0a202020203c7264663a6c693e786d702e6469643a30313830313137343037323036383131393130394643433541433745463231423c2f7264663a6c693e0a2020203c2f7264663a5365713e0a20203c2f70686f746f73686f703a446f63756d656e74416e636573746f72733e0a203c2f7264663a4465736372697074696f6e3e0a0a3c2f7264663a5244463e0a3c2f783a786d706d6574613e0a3c3f787061636b657420656e643d2772273f3e0affe20c584943435f50524f46494c4500010100000c484c696e6f021000006d6e74725247422058595a2007ce00020009000600310000616373704d5346540000000049454320735247420000000000000000000000010000f6d6000100000000d32d4850202000000000000000000000000000000000000000000000000000000000000000000000000000000000000000000000001163707274000001500000003364657363000001840000006c77747074000001f000000014626b707400000204000000147258595a00000218000000146758595a0000022c000000146258595a0000024000000014646d6e640000025400000070646d6464000002c400000088767565640000034c0000008676696577000003d4000000246c756d69000003f8000000146d6561730000040c0000002474656368000004300000000c725452430000043c0000080c675452430000043c0000080c625452430000043c0000080c7465787400000000436f70797269676874202863292031393938204865776c6574742d5061636b61726420436f6d70616e790000646573630000000000000012735247422049454336313936362d322e31000000000000000000000012735247422049454336313936362d322e31000000000000000000000000000000000000000000000000000000000000000000000000000000000000000000000000000058595a20000000000000f35100010000000116cc58595a200000000000000000000000000000000058595a200000000000006fa2000038f50000039058595a2000000000000062990000b785000018da58595a2000000000000024a000000f840000b6cf64657363000000000000001649454320687474703a2f2f7777772e6965632e636800000000000000000000001649454320687474703a2f2f7777772e6965632e63680000000000000000000000000000000000000000000000000000000000000000000000000000000000000000000064657363000000000000002e4945432036313936362d322e312044656661756c742052474220636f6c6f7572207370616365202d207352474200000000000000000000002e4945432036313936362d322e312044656661756c742052474220636f6c6f7572207370616365202d20735247420000000000000000000000000000000000000000000064657363000000000000002c5265666572656e63652056696577696e6720436f6e646974696f6e20696e2049454336313936362d322e3100000000000000000000002c5265666572656e63652056696577696e6720436f6e646974696f6e20696e2049454336313936362d322e31000000000000000000000000000000000000000000000000000076696577000000000013a4fe00145f2e0010cf140003edcc0004130b00035c9e0000000158595a2000000000004c09560050000000571fe76d6561730000000000000001000000000000000000000000000000000000028f0000000273696720000000004352542063757276000000000000040000000005000a000f00140019001e00230028002d00320037003b00400045004a004f00540059005e00630068006d00720077007c00810086008b00900095009a009f00a400a900ae00b200b700bc00c100c600cb00d000d500db00e000e500eb00f000f600fb01010107010d01130119011f0125012b01320138013e0145014c0152015901600167016e0175017c0183018b0192019a01a101a901b101b901c101c901d101d901e101e901f201fa0203020c0214021d0226022f02380241024b0254025d02670271027a0284028e029802a202ac02b602c102cb02d502e002eb02f50300030b03160321032d03380343034f035a03660372037e038a039603a203ae03ba03c703d303e003ec03f9040604130420042d043b0448045504630471047e048c049a04a804b604c404d304e104f004fe050d051c052b053a05490558056705770586059605a605b505c505d505e505f6060606160627063706480659066a067b068c069d06af06c006d106e306f507070719072b073d074f076107740786079907ac07bf07d207e507f8080b081f08320846085a086e0882089608aa08be08d208e708fb09100925093a094f09640979098f09a409ba09cf09e509fb0a110a270a3d0a540a6a0a810a980aae0ac50adc0af30b0b0b220b390b510b690b800b980bb00bc80be10bf90c120c2a0c430c5c0c750c8e0ca70cc00cd90cf30d0d0d260d400d5a0d740d8e0da90dc30dde0df80e130e2e0e490e640e7f0e9b0eb60ed20eee0f090f250f410f5e0f7a0f960fb30fcf0fec1009102610431061107e109b10b910d710f511131131114f116d118c11aa11c911e81207122612451264128412a312c312e31303132313431363138313a413c513e5140614271449146a148b14ad14ce14f01512153415561578159b15bd15e0160316261649166c168f16b216d616fa171d17411765178917ae17d217f7181b18401865188a18af18d518fa19201945196b199119b719dd1a041a2a1a511a771a9e1ac51aec1b141b3b1b631b8a1bb21bda1c021c2a1c521c7b1ca31ccc1cf51d1e1d471d701d991dc31dec1e161e401e6a1e941ebe1ee91f131f3e1f691f941fbf1fea20152041206c209820c420f0211c2148217521a121ce21fb22272255228222af22dd230a23382366239423c223f0241f244d247c24ab24da250925382568259725c725f726272657268726b726e827182749277a27ab27dc280d283f287128a228d429062938296b299d29d02a022a352a682a9b2acf2b022b362b692b9d2bd12c052c392c6e2ca22cd72d0c2d412d762dab2de12e162e4c2e822eb72eee2f242f5a2f912fc72ffe3035306c30a430db3112314a318231ba31f2322a3263329b32d4330d3346337f33b833f1342b3465349e34d83513354d358735c235fd3637367236ae36e937243760379c37d738143850388c38c839053942397f39bc39f93a363a743ab23aef3b2d3b6b3baa3be83c273c653ca43ce33d223d613da13de03e203e603ea03ee03f213f613fa23fe24023406440a640e74129416a41ac41ee4230427242b542f7433a437d43c044034447448a44ce45124555459a45de4622466746ab46f04735477b47c04805484b489148d7491d496349a949f04a374a7d4ac44b0c4b534b9a4be24c2a4c724cba4d024d4a4d934ddc4e254e6e4eb74f004f494f934fdd5027507150bb51065150519b51e65231527c52c75313535f53aa53f65442548f54db5528557555c2560f565c56a956f75744579257e0582f587d58cb591a596959b85a075a565aa65af55b455b955be55c355c865cd65d275d785dc95e1a5e6c5ebd5f0f5f615fb36005605760aa60fc614f61a261f56249629c62f06343639763eb6440649464e9653d659265e7663d669266e8673d679367e9683f689668ec6943699a69f16a486a9f6af76b4f6ba76bff6c576caf6d086d606db96e126e6b6ec46f1e6f786fd1702b708670e0713a719571f0724b72a67301735d73b87414747074cc7528758575e1763e769b76f8775677b37811786e78cc792a798979e77a467aa57b047b637bc27c217c817ce17d417da17e017e627ec27f237f847fe5804780a8810a816b81cd8230829282f4835783ba841d848084e3854785ab860e867286d7873b879f8804886988ce8933899989fe8a648aca8b308b968bfc8c638cca8d318d988dff8e668ece8f368f9e9006906e90d6913f91a89211927a92e3934d93b69420948a94f4955f95c99634969f970a977597e0984c98b89924999099fc9a689ad59b429baf9c1c9c899cf79d649dd29e409eae9f1d9f8b9ffaa069a0d8a147a1b6a226a296a306a376a3e6a456a4c7a538a5a9a61aa68ba6fda76ea7e0a852a8c4a937a9a9aa1caa8fab02ab75abe9ac5cacd0ad44adb8ae2daea1af16af8bb000b075b0eab160b1d6b24bb2c2b338b3aeb425b49cb513b58ab601b679b6f0b768b7e0b859b8d1b94ab9c2ba3bbab5bb2ebba7bc21bc9bbd15bd8fbe0abe84beffbf7abff5c070c0ecc167c1e3c25fc2dbc358c3d4c451c4cec54bc5c8c646c6c3c741c7bfc83dc8bcc93ac9b9ca38cab7cb36cbb6cc35ccb5cd35cdb5ce36ceb6cf37cfb8d039d0bad13cd1bed23fd2c1d344d3c6d449d4cbd54ed5d1d655d6d8d75cd7e0d864d8e8d96cd9f1da76dafbdb80dc05dc8add10dd96de1cdea2df29dfafe036e0bde144e1cce253e2dbe363e3ebe473e4fce584e60de696e71fe7a9e832e8bce946e9d0ea5beae5eb70ebfbec86ed11ed9cee28eeb4ef40efccf058f0e5f172f1fff28cf319f3a7f434f4c2f550f5def66df6fbf78af819f8a8f938f9c7fa57fae7fb77fc07fc98fd29fdbafe4bfedcff6dffffffdb00430050373c463c32504641465a55505f78c882786e6e78f5afb991c8ffffffffffffffffffffffffffffffffffffffffffffffffffffffffffffffffffffffffffffffdb004301555a5a786978eb8282ebffffffffffffffffffffffffffffffffffffffffffffffffffffffffffffffffffffffffffffffffffffffffffffffffffffffffffffffc20011080001000103011100021101031101ffc40014000100000000000000000000000000000000ffc4001501010100000000000000000000000000000001ffda000c0301000210031000000127ffc40014100100000000000000000000000000000000ffda00080101000105027fffc40014110100000000000000000000000000000000ffda0008010301013f017fffc40014110100000000000000000000000000000000ffda0008010201013f017fffc40014100100000000000000000000000000000000ffda0008010100063f027fffc40014100100000000000000000000000000000000ffda0008010100013f217fffda000c03010002000300000010bfffc40014110100000000000000000000000000000000ffda0008010301013f107fffc40014110100000000000000000000000000000000ffda0008010201013f107fffc40014100100000000000000000000000000000000ffda0008010100013f107fffd9'),
  (20, 'image/jpeg', X'ffd8ffe000104a46494600010101012c012c0000ffe103b04578696600004d4d002a000000080007011200030000000100010000011a00050000000100000062011b0005000000010000006a012800030000000100020000013100020000000b0000007201320002000000140000007e876900040000000100000092000000d40000012c000000010000012c0000000147494d5020322e382e360000323031343a30343a32332030373a30373a3433000005900000070000000430323130a00000070000000430313030a00100030000000100010000a00200040000000100000001a00300040000000100000001000000000006010300030000000100060000011a00050000000100000122011b0005000000010000012a0128000300000001000200000201000400000001000001320202000400000001000002760000000000000048000000010000004800000001ffd8ffe000104a46494600010100000100010000ffdb00430050373c463c32504641465a55505f78c882786e6e78f5afb991c8ffffffffffffffffffffffffffffffffffffffffffffffffffffffffffffffffffffffffffffffdb004301555a5a786978eb8282ebffffffffffffffffffffffffffffffffffffffffffffffffffffffffffffffffffffffffffffffffffffffffffffffffffffffffffffffc00011080001000103012200021101031101ffc4001f0000010501010101010100000000000000000102030405060708090a0bffc400b5100002010303020403050504040000017d01020300041105122131410613516107227114328191a1082342b1c11552d1f02433627282090a161718191a25262728292a3435363738393a434445464748494a535455565758595a636465666768696a737475767778797a838485868788898a92939495969798999aa2a3a4a5a6a7a8a9aab2b3b4b5b6b7b8b9bac2c3c4c5c6c7c8c9cad2d3d4d5d6d7d8d9dae1e2e3e4e5e6e7e8e9eaf1f2f3f4f5f6f7f8f9faffc4001f0100030101010101010101010000000000000102030405060708090a0bffc400b51100020102040403040705040400010277000102031104052131061241510761711322328108144291a1b1c109233352f0156272d10a162434e125f11718191a262728292a35363738393a434445464748494a535455565758595a636465666768696a737475767778797a82838485868788898a92939495969798999aa2a3a4a5a6a7a8a9aab2b3b4b5b6b7b8b9bac2c3c4c5c6c7c8c9cad2d3d4d5d6d7d8d9dae2e3e4e5e6e7e8e9eaf2f3f4f5f6f7f8f9faffda000c03010002110311003f005a28a2811fffd9ffe106a2687474703a2f2f6e732e61646f62652e636f6d2f7861702f312e302f003c3f787061636b657420626567696e3d27efbbbf272069643d2757354d304d7043656869487a7265537a4e54637a6b633964273f3e0a3c783a786d706d65746120786d6c6e733a783d2761646f62653a6e733a6d6574612f273e0a3c7264663a52444620786d6c6e733a7264663d27687474703a2f2f7777772e77332e6f72672f313939392f30322f32322d7264662d73796e7461782d6e7323273e0a0a203c7264663a4465736372697074696f6e20786d6c6e733a786d703d27687474703a2f2f6e732e61646f62652e636f6d2f7861702f312e302f273e0a20203c786d703a43726561746f72546f6f6c3e41646f62652050686f746f73686f7020435335204d6163696e746f73683c2f786d703a43726561746f72546f6f6c3e0a20203c786d703a437265617465446174653e323031332d30392d30325431363a33393a31352b30333a30303c2f786d703a437265617465446174653e0a20203c786d703a4d65746164617461446174653e323031332d30392d31365431343a33383a30392b30333a30303c2f786d703a4d65746164617461446174653e0a20203c786d703a4d6f64696679446174653e323031332d30392d31365431343a33383a30392b30333a30303c2f786d703a4d6f64696679446174653e0a203c2f7264663a4465736372697074696f6e3e0a0a203c7264663a4465736372697074696f6e20786d6c6e733a64633d27687474703a2f2f7075726c2e6f72672f64632f656c656d656e74732f312e312f273e0a20203c64633a666f726d61743e696d6167652f6a7065673c2f64633a666f726d61743e0a203c2f7264663a4465736372697074696f6e3e0a0a203c7264663a4465736372697074696f6e20786d6c6e733a786d704d4d3d27687474703a2f2f6e732e61646f62652e636f6d2f7861702f312e302f6d6d2f273e0a20203c786d704d4d3a496e7374616e636549443e786d702e6969643a30363830313137343037323036383131383843363943413339333941313837423c2f786d704d4d3a496e7374616e636549443e0a20203c786d704d4d3a4f726967696e616c446f63756d656e7449443e786d702e6469643a30313830313137343037323036383131393130394643433541433745463231423c2f786d704d4d3a4f726967696e616c446f63756d656e7449443e0a20203c786d704d4d3a496e7374616e636549443e786d702e6969643a30363830313137343037323036383131383843363943413339333941313837423c2f786d704d4d3a496e7374616e636549443e0a20203c786d704d4d3a446f63756d656e744944207264663a7265736f757263653d27786d702e6469643a303138303131373430373230363831313931303946434335414337454632314227202f3e0a20203c786d704d4d3a4f726967696e616c446f63756d656e7449443e786d702e6469643a30313830313137343037323036383131393130394643433541433745463231423c2f786d704d4d3a4f726967696e616c446f63756d656e7449443e0a20203c786d704d4d3a486973746f72793e0a2020203c7264663a5365713e0a2020203c2f7264663a5365713e0a20203c2f786d704d4d3a486973746f72793e0a20203c786d704d4d3a4465726976656446726f6d207264663a7061727365547970653d275265736f75726365273e0a20203c2f786d704d4d3a4465726976656446726f6d3e0a203c2f7264663a4465736372697074696f6e3e0a0a203c7264663a4465736372697074696f6e20786d6c6e733a70686f746f73686f703d27687474703a2f2f6e732e61646f62652e636f6d2f70686f746f73686f702f312e302f273e0a20203c70686f746f73686f703a436f6c6f724d6f64653e333c2f70686f746f73686f703a436f6c6f724d6f64653e0a20203c70686f746f73686f703a49434350726f66696c653e735247422049454336313936362d322e313c2f70686f746f73686f703a49434350726f66696c653e0a20203c70686f746f73686f703a446f63756d656e74416e636573746f72733e0a2020203c7264663a5365713e0a202020203c7264663a6c693e786d702e6469643a30313830313137343037323036383131393130394643433541433745463231423c2f7264663a6c693e0a2020203c2f7264663a5365713e0a20203c2f70686f746f73686f703a446f63756d656e74416e636573746f72733e0a203c2f7264663a4465736372697074696f6e3e0a0a3c2f7264663a5244463e0a3c2f783a786d706d6574613e0a3c3f787061636b657420656e643d2772273f3e0affe20c584943435f50524f46494c4500010100000c484c696e6f021000006d6e74725247422058595a2007ce00020009000600310000616373704d5346540000000049454320735247420000000000000000000000010000f6d6000100000000d32d4850202000000000000000000000000000000000000000000000000000000000000000000000000000000000000000000000001163707274000001500000003364657363000001840000006c77747074000001f000000014626b707400000204000000147258595a00000218000000146758595a0000022c000000146258595a0000024000000014646d6e640000025400000070646d6464000002c400000088767565640000034c0000008676696577000003d4000000246c756d69000003f8000000146d6561730000040c0000002474656368000004300000000c725452430000043c0000080c675452430000043c0000080c625452430000043c0000080c7465787400000000436f70797269676874202863292031393938204865776c6574742d5061636b61726420436f6d70616e790000646573630000000000000012735247422049454336313936362d322e31000000000000000000000012735247422049454336313936362d322e31000000000000000000000000000000000000000000000000000000000000000000000000000000000000000000000000000058595a20000000000000f35100010000000116cc58595a200000000000000000000000000000000058595a200000000000006fa2000038f50000039058595a2000000000000062990000b785000018da58595a2000000000000024a000000f840000b6cf64657363000000000000001649454320687474703a2f2f7777772e6965632e636800000000000000000000001649454320687474703a2f2f7777772e6965632e63680000000000000000000000000000000000000000000000000000000000000000000000000000000000000000000064657363000000000000002e4945432036313936362d322e312044656661756c742052474220636f6c6f7572207370616365202d207352474200000000000000000000002e4945432036313936362d322e312044656661756c742052474220636f6c6f7572207370616365202d20735247420000000000000000000000000000000000000000000064657363000000000000002c5265666572656e63652056696577696e6720436f6e646974696f6e20696e2049454336313936362d322e3100000000000000000000002c5265666572656e63652056696577696e6720436f6e646974696f6e20696e2049454336313936362d322e31000000000000000000000000000000000000000000000000000076696577000000000013a4fe00145f2e0010cf140003edcc0004130b00035c9e0000000158595a2000000000004c09560050000000571fe76d6561730000000000000001000000000000000000000000000000000000028f0000000273696720000000004352542063757276000000000000040000000005000a000f00140019001e00230028002d00320037003b00400045004a004f00540059005e00630068006d00720077007c00810086008b00900095009a009f00a400a900ae00b200b700bc00c100c600cb00d000d500db00e000e500eb00f000f600fb01010107010d01130119011f0125012b01320138013e0145014c0152015901600167016e0175017c0183018b0192019a01a101a901b101b901c101c901d101d901e101e901f201fa0203020c0214021d0226022f02380241024b0254025d02670271027a0284028e029802a202ac02b602c102cb02d502e002eb02f50300030b03160321032d03380343034f035a03660372037e038a039603a203ae03ba03c703d303e003ec03f9040604130420042d043b0448045504630471047e048c049a04a804b604c404d304e104f004fe050d051c052b053a05490558056705770586059605a605b505c505d505e505f6060606160627063706480659066a067b068c069d06af06c006d106e306f507070719072b073d074f076107740786079907ac07bf07d207e507f8080b081f08320846085a086e0882089608aa08be08d208e708fb09100925093a094f09640979098f09a409ba09cf09e509fb0a110a270a3d0a540a6a0a810a980aae0ac50adc0af30b0b0b220b390b510b690b800b980bb00bc80be10bf90c120c2a0c430c5c0c750c8e0ca70cc00cd90cf30d0d0d260d400d5a0d740d8e0da90dc30dde0df80e130e2e0e490e640e7f0e9b0eb60ed20eee0f090f250f410f5e0f7a0f960fb30fcf0fec1009102610431061107e109b10b910d710f511131131114f116d118c11aa11c911e81207122612451264128412a312c312e31303132313431363138313a413c513e5140614271449146a148b14ad14ce14f01512153415561578159b15bd15e0160316261649166c168f16b216d616fa171d17411765178917ae17d217f7181b18401865188a18af18d518fa19201945196b199119b719dd1a041a2a1a511a771a9e1ac51aec1b141b3b1b631b8a1bb21bda1c021c2a1c521c7b1ca31ccc1cf51d1e1d471d701d991dc31dec1e161e401e6a1e941ebe1ee91f131f3e1f691f941fbf1fea20152041206c209820c420f0211c2148217521a121ce21fb22272255228222af22dd230a23382366239423c223f0241f244d247c24ab24da250925382568259725c725f726272657268726b726e827182749277a27ab27dc280d283f287128a228d429062938296b299d29d02a022a352a682a9b2acf2b022b362b692b9d2bd12c052c392c6e2ca22cd72d0c2d412d762dab2de12e162e4c2e822eb72eee2f242f5a2f912fc72ffe3035306c30a430db3112314a318231ba31f2322a3263329b32d4330d3346337f33b833f1342b3465349e34d83513354d358735c235fd3637367236ae36e937243760379c37d738143850388c38c839053942397f39bc39f93a363a743ab23aef3b2d3b6b3baa3be83c273c653ca43ce33d223d613da13de03e203e603ea03ee03f213f613fa23fe24023406440a640e74129416a41ac41ee4230427242b542f7433a437d43c044034447448a44ce45124555459a45de4622466746ab46f04735477b47c04805484b489148d7491d496349a949f04a374a7d4ac44b0c4b534b9a4be24c2a4c724cba4d024d4a4d934ddc4e254e6e4eb74f004f494f934fdd5027507150bb51065150519b51e65231527c52c75313535f53aa53f65442548f54db5528557555c2560f565c56a956f75744579257e0582f587d58cb591a596959b85a075a565aa65af55b455b955be55c355c865cd65d275d785dc95e1a5e6c5ebd5f0f5f615fb36005605760aa60fc614f61a261f56249629c62f06343639763eb6440649464e9653d659265e7663d669266e8673d679367e9683f689668ec6943699a69f16a486a9f6af76b4f6ba76bff6c576caf6d086d606db96e126e6b6ec46f1e6f786fd1702b708670e0713a719571f0724b72a67301735d73b87414747074cc7528758575e1763e769b76f8775677b37811786e78cc792a798979e77a467aa57b047b637bc27c217c817ce17d417da17e017e627ec27f237f847fe5804780a8810a816b81cd8230829282f4835783ba841d848084e3854785ab860e867286d7873b879f8804886988ce8933899989fe8a648aca8b308b968bfc8c638cca8d318d988dff8e668ece8f368f9e9006906e90d6913f91a89211927a92e3934d93b69420948a94f4955f95c99634969f970a977597e0984c98b89924999099fc9a689ad59b429baf9c1c9c899cf79d649dd29e409eae9f1d9f8b9ffaa069a0d8a147a1b6a226a296a306a376a3e6a456a4c7a538a5a9a61aa68ba6fda76ea7e0a852a8c4a937a9a9aa1caa8fab02ab75abe9ac5cacd0ad44adb8ae2daea1af16af8bb000b075b0eab160b1d6b24bb2c2b338b3aeb425b49cb513b58ab601b679b6f0b768b7e0b859b8d1b94ab9c2ba3bbab5bb2ebba7bc21bc9bbd15bd8fbe0abe84beffbf7abff5c070c0ecc167c1e3c25fc2dbc358c3d4c451c4cec54bc5c8c646c6c3c741c7bfc83dc8bcc93ac9b9ca38cab7cb36cbb6cc35ccb5cd35cdb5ce36ceb6cf37cfb8d039d0bad13cd1bed23fd2c1d344d3c6d449d4cbd54ed5d1d655d6d8d75cd7e0d864d8e8d96cd9f1da76dafbdb80dc05dc8add10dd96de1cdea2df29dfafe036e0bde144e1cce253e2dbe363e3ebe473e4fce584e60de696e71fe7a9e832e8bce946e9d0ea5beae5eb70ebfbec86ed11ed9cee28eeb4ef40efccf058f0e5f172f1fff28cf319f3a7f434f4c2f550f5def66df6fbf78af819f8a8f938f9c7fa57fae7fb77fc07fc98fd29fdbafe4bfedcff6dffffffdb00430050373c463c32504641465a55505f78c882786e6e78f5afb991c8ffffffffffffffffffffffffffffffffffffffffffffffffffffffffffffffffffffffffffffffdb004301555a5a786978eb8282ebffffffffffffffffffffffffffffffffffffffffffffffffffffffffffffffffffffffffffffffffffffffffffffffffffffffffffffffc20011080001000103011100021101031101ffc40014000100000000000000000000000000000000ffc4001501010100000000000000000000000000000001ffda000c0301000210031000000127ffc40014100100000000000000000000000000000000ffda00080101000105027fffc40014110100000000000000000000000000000000ffda0008010301013f017fffc40014110100000000000000000000000000000000ffda0008010201013f017fffc40014100100000000000000000000000000000000ffda0008010100063f027fffc40014100100000000000000000000000000000000ffda0008010100013f217fffda000c03010002000300000010bfffc40014110100000000000000000000000000000000ffda0008010301013f107fffc40014110100000000000000000000000000000000ffda0008010201013f107fffc40014100100000000000000000000000000000000ffda0008010100013f107fffd9'),
  (23, 'application/pdf' , X'255044462d312e340a25c3a4c3bcc3b6c39f0a322030206f626a0a3c3c2f4c656e6774682033203020522f46696c7465722f466c6174654465636f64653e3e0a73747265616d0a789c33d0335428e72a5430503000b24c2d4df58c142c4c0cf52c148a52b9c2b514f22072405894cee514c2656a0694323737d13353084951d077335430345208498bb63130b433b3b03130b233b43130b6d335b23130b18b0df1e2720de10ae40a5400007c7616360a656e6473747265616d0a656e646f626a0a0a332030206f626a0a3130340a656e646f626a0a0a352030206f626a0a3c3c2f4c656e6774682036203020522f46696c7465722f466c6174654465636f64652f4c656e6774683120383138383e3e0a73747265616d0a789ce5396b7053577adfb957b2e50796e4d8c220b08eb8b1c1d896fc00c2cb58d8966c6383e517910cc1ba96ae2d812da99230816c06efb6c9322214966c93923093fcd866929d74b80ee9d6d94917276ddad9ee6eb3e96eba936ed830b3bbd3ce14069a4df22329b8df39f7ca1842c8b4d37fbdf2b9f77bbfcf912e6452871528861910c1139e929365468300003f0520a5e1e90c6de92bdf86f01500e19fc7931353cffdf5fe4f000caf03e4bf3e3179747ce5c02b1980e22880f8f3a8224712e34f36025836a38d4d5124f4dc3a9a8f7812f107a35399472f938552c4bf8b78d964222c53718c20fe32e2c553f2a349a7612bfab7a07da071794aa96c15ba10ff2540d1743291465f22b256f5327e32a5247b9f1b7b07f149a49f411ac10fbb8a11cc63b8201ae0fff3653c05e5d0656c013324f9fd8e4b7c1556c0398085ab0cbb7dbfd5bbf0f9ff651426edf1e7f012bc0ea7e003784467f8c00f31388c94a5d75bf01e52d9e58711f83e64bfc2ecab30877c4d2e04a75926f7bcfcf02c5c847fb8c38b1fa6e0318ce5afe003d2083fc65149c0c7c404df8477d0eac748db7d2f534209dec63938be84fa6b785e3809bb84df21728e7104b76081bf83f3e4005ace609ea71633defe25a3df86c7f13e08519846985fc696fffa572858f80366f538ec826fc14e985ca2f12679412cc4fe0dc10b58d3b738cd9d63e6778907851f08c2cda711f90e4ce09209e62e9c12777e4585fec797380ccb488d580505f7e20a1bc07ceb73a169e113f1412884e1851b39da42cfc21f44f956dc306a58656c31fce47e3ef2be6398426d58f8fdadc76e458c7b8c2f61b7f0a4f074ee1b090686870607fafd7d7b76f7f6eceaeeeaf4793bdadb767a5a77b46cdfb675cbe687366d6c6c70bbeaebd6adadae7a505ae3745494592de69265458505a6fc3ca3411408d4519584bcaa5845ad3e59f24a72577d1df556443beaebbc922fa45299aaf830544b5d5d9c24c92a0d51b51a1ff2127248f5a0e4f85d921e4dd2b328492c743b6c672e24aafeac43a27364a43f80f0a90e2948d56b1cdecd614335479621e274a2068f8a454bbdaa6f3a9af5863046325b54d82eb52b85f575305b5884601142ea3a29394bd6ed201c10d679b7ce0a605ac6dc62a65e39a2fafb03de0ebbd319acafeb564ba40ece82766e52cd6b57f3b9491a63a1c3493a5b379f7d6ace0263a1dae2881491f707545146ddace8cd66bfad5a6bd51aa943ad39f6bb0acc5c51eba40eaf5acbacf60c2cfae9b9ed92a8c62a8b44b39f02a6235dbb7a2745d6297955964f8181aad0ae928180935d761fd63a9bf549d4970d65e5b9859931895aa4ec6c717136e9c572833f8026e6167e78d2aefa9e0aaa9650946c0deaa9fb067ad407faf70554a1ca47a33252f0af55726eb63bad8b32feaf620396058b8315763a59194ece79600c1175a63fa0e114c6ecaf81c75d1b548510e3cce738e5c38c3393e32caa8724ec6dcf6020ab1aaaba2392172b7e525667c670ba0eb2c64816b5e433bb53ca965ae9167790cb528caa3b12a3aab11a8b845a4b15706e984ad6c29192cfb4c7353b3aa8b696d22d129a6176bc9237a4ff4d472bd000c54277d56a833014503d1d087864bd63ded906376ac8216c58ac833753754b49b54c6a5bec2e0bcb1b1b0c70155d4d2d6b572114d6b554b797ef2beacd863ab410982da93ff006342f5c99dd40ed179b6103043b98b0ad1da7acda9b0d44c65547c81ec17d374e0376a7ea09628783524009b2b1c30ad55cb1f3e108f259190af40c4a3dfd2381cd7a201a8399335479ef322305ec9a191c40d55465a201c12e0651d08204ea43406adb8e7735bfca84cb8205e75436b86ddb6980d821278d61a835d4ab74e8720cbfc3a8918d537b57ce5a1e43d14e7b97dd19746a577d9d806caa3b460d132b6a578e85c714324c389fed5d9cc46a59c1869e0624450a4a51aa7afc01961b2b0fafb25e0c5e73bd574377604b8a85650227b273082ba6eaabb52f2daedac9f145b4eb2e76778e4db326a96730cb8c4bba41c0c8bb556023ecd96cb5f3b3806d6809cf5e6ac12dcd377476d6e3619b39ba951991ba23596930b09d4be379f2b8fd18f3550a3da467a8adbe0e8fb6b659899ce89ff59013832381372cf8bbf0c450e0358108eda1b6e0ec83c80bbc41f14b835305466544865086304b038898b8bcfd0d0fc00ce71a3881e3e139029c66cad10884e7048d66d11c5573471e109063d0389e9cb40169268d36c369fc9a0556324fa1d163f214788a8565827d9630d26b48f921fe8e2d2070b1982c23f659d41ae0e43932335be0b16b123328e1d1223c317cdbf5f048e062317e3bdbf91d1db5b10bc7a5228acdc6af152f8db041f946309a0d05d966031bb606ff884aa41dd8266907069257ac164a4a9b5a24b5317a2ba3b76af43c46cfc711253682ea33d87bbf4ad804ec0b38714bd2953fb6672dd758a78278a8642dbfafc78a55e17bc35bf81bb48c6cf75c2e158a0493586e2b061329104da602ab582086820562a900c268104a5b6dc46c23576ce4928d9cb691e336326a2348a49c7ee8868dbc6b232f725ed246fa6cc4c1191a5db59117382bc1d53c36d2c005c0463ee2dc194e6fe0946d0bdc8fa6769a33fa38ef06a7ab391f9a02e53a37b8a179ee668673313477cec7238bd71fe5ae947e1db88bfe250ee3416bad159a2bf8ddda5ce11e3df048b3b5942cdf626d6e6c706e7cc82aad3113c9eab44a6b5da496589797936def37df7cc4de6e38df61affcc7471bdfdf68373c5bf61ed976eb9df7f28bbe3864dfc87f96817fe1aae813dfc177825570ca33b28210f34a53b9b97c75e50af007cd2b1c2b846271c58ae2d2529b3f586a2936f6078b6df39544ad242f5692339564a692242b49a892f82b0954921df8f05492864a422b89a592dce07228944b6c31ab473029602995c2169e1142640b668419b2b448795925696edaf450790991d6545b376c6aa6d672b226afdcb9a19a185a8e4f6cfa6e43c35fecfdf54ffee91289dd7a369a2067f7930f4ab3e7fca5459b1daeabc4f8d9c7b7c607c8f997bf77f11c7b131c5ab82afc02735d0741cf06677ed9ca65500635eb9739c5e5cb2bfd41fb728b58e40fe68bb699f524b99e84d613ff7a42d7930bebc9e87ad2b79ee4fa04adcd2cf4661efb96db61b3a8cbf230d8b51b9b97db9a9b366e701397b011236f5a5e2eadad9630f832dbf24a51f8c5ec5ffa5e69a86fec79f4ed7341657fd32b67269e77afdf98ea1fdebde7e9915689989e3ab3baf4dffeb8e3a5631b563b3bc2be6f9c76fc6ccaedefd8b2676593ab7d2fb07cca309f7ac337c1069d9eb5852525f90f88e2f20a437151b13f58905f642e03b0f607c1f64205512b486b057157b01452b9696a6ee6f384e1976e696a623537aea9de689536b692e6f2e672c95a8639b0f2933da1d1c71e575a7ff5ab6d0d5b07a53f294b4d084fd7af7dfffda19bc777b659765638783c6c9ee0e0730f978c9ab77f2a38b477bc9f3ebdbaebf62ff885ab7cc72fbe006a7af9ce5b5e787829e58ecb98b7054f8adf4295780afce26a1812b660e3d8f536d94c5e24ffce358c50c3fcf3282cf8eeb31f81bf15ff1e44cead24f145bb7b177d1094dcabc302e4e37b9a068b60c7b7410d36a0cc091d364209beb36a701ebe3bbfa4c3f9700cdf4434d884e7995b870ba084b4eb702189937e1d2e8255c2a5c57f9970e1dba2062f838d62810e97c04a71078bdec0dea85e15033a4c801a0c3a2c4089e1411d166193a149870d2813d56123ac329cd0e13ca8347c4f87f3e113c3db3a6c8275c61fe87001ac32fe46870b850f8d9feb70116c36fd8b0e17c3fe82121d5e06070b0eea70096c28f865476c2296891d5322342267641a4e248fa66213d10c5d17aea14d0d8d0db43391989854687b22954ca4e44c2c117715b6df2dd64407d044979ca9a3ddf1b0ab3736a668b2745049c5c6079489c393726a673aacc4234a8ad6d3bb25eec6f72aa934439a5c0d0daec6dbdcbb8563697ccdcba4e4883225a70ed1c4f89d81d09432114b6794141263713aec1a7451bf9c51e2192ac723746851b16f7c3c16563831aca432320a2732510cf5e0e1542c1d898599b7b46b318325e518cc28d30add2d67324a3a116f93d3e80b231b8ac513e93a7a241a0b47e911394d234a3a361147e6d8517aa70e45ae8cb9c4e389693439add461dce329251d8dc527689aa5ac6bd34c54ceb0a4a7944c2a169627278f62cfa692a835864d3a12cb44d1f19492a67b942374203125c7bfefd242c1da8c6351696c2a994a4cf318ebd3e194a2c4d1991c91c76293b10c5a8bca29398c15c3b2c5c2695e112c044dcaf17aefe15422a960a40f77f6de16c400b56aa61393d3e89949c71525c23c62d8d3ca242aa1e3c944e210cb673c91c240239968fd92c8c713f10caa26a81c8960e258ad44f8f014eb139639930b4e0ea712c84b4eca19b4329576453399e456b7fbc891232e596f4d183be342cbeefbf13247938ade8f14b33235d98bed8fb3d61de6fd65490c76f7d2be24d6c787c1515da08ee646b3d1d5a8bbc032c69299b42b1d9b74255213ee3e5f2f74400c267065701d0305224071c988cb0885210149380a292e15452ac56fba309e8a149aa0011a7151e844a904f227519f423bc229d4627799db4d401c5c50c839f7b7d684d0801e4517d7ae43a81bf5c368a117f5c690bbd42e85414e89e139cb3427e030c621236527a4514b41990897a0508febeb6c7c1d7f2f87d28b9c268cab013f2e8cfe5eba5f673986b628af75867358ac533cfe43484ba0defd2a42514ee1fd4b2347e158845b65b6875162904bf9b926ab45867b8b73a9a17b78ec438fe3a81fe6bdcc4986b96d36139ae504c251bdaa07b1e2291e4184ebe5724ba3e72ff7e0ded331c8a39be63e77733ac3d39cd786785acf4babd9108f228154568b231809f31be5b0cceb19e1da6ccae2bae618ce1dbdaf1faaebca7a5fe2dcc7b41e25d3a9d3eb3dceef69ee378e3e288f4febf29dbe29af93ccabae757a0ab9192e1b46fa247e8eeafb6c0aaba2f91ad377d211be2fa37ac653dc2e853df83cc2a722c1fb1677aee13dbe5d156d6ec6f549a55c378970826791ab633def0dcb44e1913248e67b7f0c3526b96f2db6289f0e99f756d17b9de119e4ea15d13365512739a51ebc7c2ed88e57f49a3e8c2745ef3d2d6a155c3a9bac27933cdef412db711e6d643147adda4c6a52f7a4653cc94fa4438bfd19e7f3a65534c2add57f45cdc7796d32bad7048f28821fade3da6c2550f730ef87b69fb469ce7ca97232af6f42d74bf27329a3c732c5f747944f6012b6e26f4b3746c73e2e3e874b774d58df332e3d66f7ff5a8fc595e4155cba3f528bb14c618cbdfaee8f2feebac34bf66fae13837806f5f2f322a9cf8f4faf1cbdcb02db35779f9a8dfcbcbc330b6d1a638867783c695e4b17cf6102f97de8a117b4ff9abbcf355be0df39461420244a26e001709010ec21a3304c76420bf1e0d383bc367cb623ce9e2ed2023328d782f41d886f47fa363c3c1d786fc5d587eb342e032e4da20125dcf874eb783de275a8f12ede095f8cda8a54f6dc8578173e3bf5a70fe95e7c7a75bc1b717c4288e4e30ff1567ebf440c9e8be4ca4df2ee4d426f92e35f10ff1764e6e3331f0bff79a3c671e1c6a51b42dff5d1eb17ae8b0dd789f93a31c135cb35ffb5d0b5e4b517afe5159aaf9262f80f62fded95cd8e8f5a2e0fffa6e5c361b88c995d6eb8ecbf3c7359bd6cbc4cc4e10f459bc3324fe71be693f333f33f9fbf327f63de34f3a3333f12fee64db7c3fca6e34dc171b1efe2f18b62e865627ed9f1b2e07f3ef4bc70e63c319f779c779f179f3be7729cebac743cfbcc5ac795676e3c23cc2dcc5f7c6699d5f726e923bdd08235dc73515c705cd8594e76635a66bc3b70b971f5e14ae03a8d0bdf7b50dc81cb4d7a3d9bc5d13f234567ed676bcf3e76f6e45963f2c99927cf3c29ce3c71e609e1c2f4a56921edaf7124e2b58e78e77ac78ae68ae1fc6671380fdda0774ff758d53a5f68d4e31845a17d230d8e91ce1ac703cda5c3464cd8808266d121b68a7d62423c2d5e12f34d03fe4a473fae2bfe1b7ec1e32f28f699fb1c7dee3e716ee18a47e971a2b55dc95d33bbc46e5f8da3ab73b3c3dce9e87477bedbf951e7f5cebcd14ef202fef92ef82ef9448fafc6edf3f82a9dbe555df6615b73f9b09598872dcde6618160a39b61d86d5e300b66f3a8f9b85934432b083336622473e4ccecd0606d6dcf5cfec2408f6af2ef53c909b56a90dd3dfd236ade09158647f6056609f9d3e013a74e41dbea1eb56930a08656077bd408021e06cc2060593d6b83b6603a9da9e517a9ad45f830dea1f6702d120fa4352a2cf2a1364dd27846a5b912a965021a4ef05ecb7848607a04b50fa481dd18b3565362da69dd1c57d66e1ca838f0df45d618420a656e6473747265616d0a656e646f626a0a0a362030206f626a0a343632360a656e646f626a0a0a372030206f626a0a3c3c2f547970652f466f6e7444657363726970746f722f466f6e744e616d652f4241414141412b4c696265726174696f6e53657269660a2f466c61677320340a2f466f6e7442426f785b2d353433202d3330332031323738203938325d2f4974616c6963416e676c6520300a2f417363656e74203839310a2f44657363656e74202d3231360a2f436170486569676874203938310a2f5374656d562038300a2f466f6e7446696c65322035203020520a3e3e0a656e646f626a0a0a382030206f626a0a3c3c2f4c656e677468203234302f46696c7465722f466c6174654465636f64653e3e0a73747265616d0a789c5d50cb6ac33010bceb2bf6981c826cc7692f461012023ef441dd7e802cad5d412d09593ef8efbb92d3167a9098617686d9e597f6da5a13f96b70aac30883b13ae0ec96a0107a1c8d656505daa87867f95793f48c93b75be788536b07d7348cbf9136c7b0c2eeac5d8f7bc65f82c660ec08bb8f4b47bc5bbcffc2096d848209011a07ca7992fe594ec8b3ebd06a924d5c0f64f91b785f3d429579b955514ee3eca5c220ed88ac290a01cded26185afd4fab37473fa84f1968b2a4c9a238d5827095f1c329e163c68fc784eb0dd739efee4cc969f59fc6a09610a86dbe4fae990a1a8bbf27f4ce27577edfb79774620a656e6473747265616d0a656e646f626a0a0a392030206f626a0a3c3c2f547970652f466f6e742f537562747970652f54727565547970652f42617365466f6e742f4241414141412b4c696265726174696f6e53657269660a2f46697273744368617220300a2f4c6173744368617220340a2f5769647468735b37373720363130203434332033383920323737205d0a2f466f6e7444657363726970746f722037203020520a2f546f556e69636f64652038203020520a3e3e0a656e646f626a0a0a31302030206f626a0a3c3c2f46312039203020520a3e3e0a656e646f626a0a0a31312030206f626a0a3c3c2f466f6e74203130203020520a2f50726f635365745b2f5044462f546578745d0a3e3e0a656e646f626a0a0a312030206f626a0a3c3c2f547970652f506167652f506172656e742034203020522f5265736f7572636573203131203020522f4d65646961426f785b30203020353935203834325d2f47726f75703c3c2f532f5472616e73706172656e63792f43532f4465766963655247422f4920747275653e3e2f436f6e74656e74732032203020523e3e0a656e646f626a0a0a342030206f626a0a3c3c2f547970652f50616765730a2f5265736f7572636573203131203020520a2f4d65646961426f785b203020302035393520383432205d0a2f4b6964735b203120302052205d0a2f436f756e7420313e3e0a656e646f626a0a0a31322030206f626a0a3c3c2f547970652f436174616c6f672f50616765732034203020520a2f4f70656e416374696f6e5b3120302052202f58595a206e756c6c206e756c6c20305d0a2f4c616e6728656e2d5553290a3e3e0a656e646f626a0a0a31332030206f626a0a3c3c2f43726561746f723c464546463030353730303732303036393030373430303635303037323e0a2f50726f64756365723c464546463030344330303639303036323030373230303635303034463030363630303636303036393030363330303635303032303030333530303245303033303e0a2f4372656174696f6e4461746528443a32303136303530313137333430362b303327303027293e3e0a656e646f626a0a0a787265660a302031340a303030303030303030302036353533352066200a30303030303035373131203030303030206e200a30303030303030303139203030303030206e200a30303030303030313934203030303030206e200a30303030303035383534203030303030206e200a30303030303030323134203030303030206e200a30303030303034393234203030303030206e200a30303030303034393435203030303030206e200a30303030303035313430203030303030206e200a30303030303035343439203030303030206e200a30303030303035363234203030303030206e200a30303030303035363536203030303030206e200a30303030303035393533203030303030206e200a30303030303036303530203030303030206e200a747261696c65720a3c3c2f53697a652031342f526f6f74203132203020520a2f496e666f203133203020520a2f4944205b203c37464436464337343936453336383841373632414637463445383142364631423e0a3c37464436464337343936453336383841373632414637463445383142364631423e205d0a2f446f63436865636b73756d202f30353739313730353434453036414132443932373544363841464134424541390a3e3e0a7374617274787265660a363232350a2525454f460a');

insert into Image (id) values (6), (7), (8), (20);
insert into Pdf (id) values (23);

insert into 
  VectorImage (id, data) 
values
  (9, '<?xml version="1.0" encoding="UTF-8" standalone="no"?><svg width="100" height="100"><circle r="45" cy="50" cx="50" style="fill:yellow;stroke: #000"/></svg>'),
  (10, '<?xml version="1.0" encoding="UTF-8" standalone="no"?><svg width="100" height="100"><circle r="45" cy="50" cx="50" style="fill:yellow;stroke: #000"/></svg>'),
  (11, '<?xml version="1.0" encoding="UTF-8" standalone="no"?><svg width="100" height="100"><circle r="45" cy="50" cx="50" style="fill:yellow;stroke: #000"/></svg>'),
  (21, '<?xml version="1.0" encoding="UTF-8" standalone="no"?><svg width="100" height="100"><circle r="45" cy="50" cx="50" style="fill:yellow;stroke: #000"/></svg>');

insert into 
  GoogleDocument (id, documentId, mimeType) 
values
  (12, '1ZTrze-3nBd_HWlxsdyX7dndLqlMUOU5Lid2XaJVrDuE', 'application/vnd.google-apps.document'),
  (13, '1ZTrze-3nBd_HWlxsdyX7dndLqlMUOU5Lid2XaJVrDuE', 'application/vnd.google-apps.document'),
  (14, '1ZTrze-3nBd_HWlxsdyX7dndLqlMUOU5Lid2XaJVrDuE', 'application/vnd.google-apps.document'),
  (22, '1ZTrze-3nBd_HWlxsdyX7dndLqlMUOU5Lid2XaJVrDuE', 'application/vnd.google-apps.document');
    
insert into   
  MaterialShare (id, material_id, role)
values 
  (1, 1, 'MAY_VIEW'),
  (2, 1, 'MAY_EDIT'),
  (3, 3, 'MAY_VIEW'),
  (4, 3, 'MAY_EDIT'),
  (5, 6, 'MAY_VIEW'),
  (6, 6, 'MAY_EDIT'),
  (7, 9, 'MAY_VIEW'),
  (8, 9, 'MAY_EDIT'),
  (9, 12, 'MAY_VIEW'),
  (10, 12, 'MAY_EDIT');
    
insert into   
  MaterialShareUser (id, user_id)
values 
  (1, 3),
  (2, 4),
  (3, 3),
  (4, 4),
  (5, 3),
  (6, 4),
  (7, 3),
  (8, 4),
  (9, 3),
  (10, 4);